ISO-10303-21;
HEADER;
FILE_DESCRIPTION(('STEP AP242'),'1');
FILE_NAME('1726480102.stp','2026-01-20T23:31:30',('TraceParts'),('TraceParts S.A.S.'),'Spatial InterOp 3D',' ',' ');
FILE_SCHEMA(('AP242_MANAGED_MODEL_BASED_3D_ENGINEERING_MIM_LF  {1 0 10303 442 1 1 4}'));
ENDSEC;
DATA;
#1=MECHANICAL_DESIGN_GEOMETRIC_PRESENTATION_REPRESENTATION(' ',(#10),#6);
#2=PRODUCT_DEFINITION_CONTEXT('',#11,'design');
#3=APPLICATION_PROTOCOL_DEFINITION('INTERNATIONAL STANDARD','ap242_managed_model_based_3d_engineering',2014,#11);
#4=PRODUCT_CATEGORY_RELATIONSHIP('NONE','NONE',#12,#13);
#5=SHAPE_DEFINITION_REPRESENTATION(#14,#15);
#6= (GEOMETRIC_REPRESENTATION_CONTEXT(3)GLOBAL_UNCERTAINTY_ASSIGNED_CONTEXT((#18))GLOBAL_UNIT_ASSIGNED_CONTEXT((#20,#21,#22))REPRESENTATION_CONTEXT('NONE','WORKSPACE'));
#10=STYLED_ITEM('',(#24),#25);
#11=APPLICATION_CONTEXT('managed model based 3d engineering');
#12=PRODUCT_CATEGORY('part','NONE');
#13=PRODUCT_RELATED_PRODUCT_CATEGORY('detail',' ',(#26));
#14=PRODUCT_DEFINITION_SHAPE('NONE','NONE',#27);
#15=ADVANCED_BREP_SHAPE_REPRESENTATION('Solid1',(#25,#28),#6);
#18=UNCERTAINTY_MEASURE_WITH_UNIT(LENGTH_MEASURE(1.0E-06),#20,'','');
#20= (CONVERSION_BASED_UNIT('MILLIMETRE',#31)LENGTH_UNIT()NAMED_UNIT(#34));
#21= (NAMED_UNIT(#36)PLANE_ANGLE_UNIT()SI_UNIT($,.RADIAN.));
#22= (NAMED_UNIT(#36)SOLID_ANGLE_UNIT()SI_UNIT($,.STERADIAN.));
#24=PRESENTATION_STYLE_ASSIGNMENT((#42));
#25=MANIFOLD_SOLID_BREP('Solid1',#43);
#26=PRODUCT('Solid1','','PART--DESC',(#44));
#27=PRODUCT_DEFINITION('','NONE',#45,#2);
#28=AXIS2_PLACEMENT_3D('',#46,#47,#48);
#31=LENGTH_MEASURE_WITH_UNIT(LENGTH_MEASURE(1.0),#49);
#34=DIMENSIONAL_EXPONENTS(1.0,0.0,0.0,0.0,0.0,0.0,0.0);
#36=DIMENSIONAL_EXPONENTS(0.0,0.0,0.0,0.0,0.0,0.0,0.0);
#42=SURFACE_STYLE_USAGE(.BOTH.,#50);
#43=CLOSED_SHELL('',(#51,#52,#53,#54,#55,#56,#57,#58,#59,#60,#61,#62,#63,#64,#65,#66,#67,#68,#69,#70,#71,#72,#73,#74,#75,#76,#77,#78,#79,#80,#81,#82,#83,#84,#85,#86,#87,#88,#89,#90,#91,#92,#93,#94,#95,#96,#97,#98,#99,#100,#101,#102,#103,#104,#105,#106,#107,#108,#109,#110,#111,#112,#113,#114,#115,#116,#117,#118,#119,#120,#121,#122,#123,#124,#125,#126,#127,#128,#129,#130,#131,#132,#133,#134,#135,#136,#137,#138,#139,#140,#141,#142,#143,#144,#145,#146,#147,#148,#149,#150,#151,#152,#153,#154,#155));
#44=PRODUCT_CONTEXT('',#11,'mechanical');
#45=PRODUCT_DEFINITION_FORMATION_WITH_SPECIFIED_SOURCE(' ','NONE',#26,.NOT_KNOWN.);
#46=CARTESIAN_POINT('',(0.0,0.0,0.0));
#47=DIRECTION('',(0.0,0.0,1.0));
#48=DIRECTION('',(1.0,0.0,0.0));
#49= (NAMED_UNIT(#34)LENGTH_UNIT()SI_UNIT(.MILLI.,.METRE.));
#50=SURFACE_SIDE_STYLE('',(#157));
#51=ADVANCED_FACE('',(#158),#159,.T.);
#52=ADVANCED_FACE('',(#160),#161,.T.);
#53=ADVANCED_FACE('',(#162),#163,.T.);
#54=ADVANCED_FACE('',(#164),#165,.T.);
#55=ADVANCED_FACE('',(#166),#167,.T.);
#56=ADVANCED_FACE('',(#168),#169,.T.);
#57=ADVANCED_FACE('',(#170,#171,#172),#173,.F.);
#58=ADVANCED_FACE('',(#174),#175,.T.);
#59=ADVANCED_FACE('',(#176),#177,.F.);
#60=ADVANCED_FACE('',(#178),#179,.T.);
#61=ADVANCED_FACE('',(#180),#181,.T.);
#62=ADVANCED_FACE('',(#182),#183,.T.);
#63=ADVANCED_FACE('',(#184),#185,.T.);
#64=ADVANCED_FACE('',(#186),#187,.T.);
#65=ADVANCED_FACE('',(#188,#189,#190),#191,.T.);
#66=ADVANCED_FACE('',(#192),#193,.T.);
#67=ADVANCED_FACE('',(#194),#195,.T.);
#68=ADVANCED_FACE('',(#196),#197,.F.);
#69=ADVANCED_FACE('',(#198),#199,.F.);
#70=ADVANCED_FACE('',(#200),#201,.F.);
#71=ADVANCED_FACE('',(#202),#203,.T.);
#72=ADVANCED_FACE('',(#204),#205,.T.);
#73=ADVANCED_FACE('',(#206),#207,.T.);
#74=ADVANCED_FACE('',(#208),#209,.T.);
#75=ADVANCED_FACE('',(#210),#211,.F.);
#76=ADVANCED_FACE('',(#212),#213,.F.);
#77=ADVANCED_FACE('',(#214),#215,.F.);
#78=ADVANCED_FACE('',(#216),#217,.F.);
#79=ADVANCED_FACE('',(#218),#219,.F.);
#80=ADVANCED_FACE('',(#220),#221,.F.);
#81=ADVANCED_FACE('',(#222),#223,.F.);
#82=ADVANCED_FACE('',(#224),#225,.F.);
#83=ADVANCED_FACE('',(#226),#227,.F.);
#84=ADVANCED_FACE('',(#228),#229,.T.);
#85=ADVANCED_FACE('',(#230),#231,.T.);
#86=ADVANCED_FACE('',(#232),#233,.T.);
#87=ADVANCED_FACE('',(#234),#235,.T.);
#88=ADVANCED_FACE('',(#236),#237,.T.);
#89=ADVANCED_FACE('',(#238,#239,#240),#241,.T.);
#90=ADVANCED_FACE('',(#242),#243,.T.);
#91=ADVANCED_FACE('',(#244),#245,.T.);
#92=ADVANCED_FACE('',(#246),#247,.T.);
#93=ADVANCED_FACE('',(#248),#249,.T.);
#94=ADVANCED_FACE('',(#250),#251,.T.);
#95=ADVANCED_FACE('',(#252),#253,.F.);
#96=ADVANCED_FACE('',(#254),#255,.F.);
#97=ADVANCED_FACE('',(#256),#257,.T.);
#98=ADVANCED_FACE('',(#258),#259,.T.);
#99=ADVANCED_FACE('',(#260),#261,.T.);
#100=ADVANCED_FACE('',(#262),#263,.T.);
#101=ADVANCED_FACE('',(#264),#265,.T.);
#102=ADVANCED_FACE('',(#266),#267,.T.);
#103=ADVANCED_FACE('',(#268),#269,.T.);
#104=ADVANCED_FACE('',(#270),#271,.T.);
#105=ADVANCED_FACE('',(#272),#273,.T.);
#106=ADVANCED_FACE('',(#274),#275,.T.);
#107=ADVANCED_FACE('',(#276),#277,.T.);
#108=ADVANCED_FACE('',(#278),#279,.T.);
#109=ADVANCED_FACE('',(#280),#281,.F.);
#110=ADVANCED_FACE('',(#282),#283,.T.);
#111=ADVANCED_FACE('',(#284),#285,.T.);
#112=ADVANCED_FACE('',(#286),#287,.T.);
#113=ADVANCED_FACE('',(#288),#289,.T.);
#114=ADVANCED_FACE('',(#290),#291,.T.);
#115=ADVANCED_FACE('',(#292),#293,.T.);
#116=ADVANCED_FACE('',(#294),#295,.T.);
#117=ADVANCED_FACE('',(#296,#297),#298,.T.);
#118=ADVANCED_FACE('',(#299),#300,.T.);
#119=ADVANCED_FACE('',(#301),#302,.F.);
#120=ADVANCED_FACE('',(#303),#304,.T.);
#121=ADVANCED_FACE('',(#305),#306,.F.);
#122=ADVANCED_FACE('',(#307),#308,.F.);
#123=ADVANCED_FACE('',(#309),#310,.F.);
#124=ADVANCED_FACE('',(#311),#312,.F.);
#125=ADVANCED_FACE('',(#313),#314,.F.);
#126=ADVANCED_FACE('',(#315),#316,.T.);
#127=ADVANCED_FACE('',(#317),#318,.T.);
#128=ADVANCED_FACE('',(#319),#320,.T.);
#129=ADVANCED_FACE('',(#321),#322,.T.);
#130=ADVANCED_FACE('',(#323),#324,.T.);
#131=ADVANCED_FACE('',(#325),#326,.T.);
#132=ADVANCED_FACE('',(#327),#328,.T.);
#133=ADVANCED_FACE('',(#329),#330,.T.);
#134=ADVANCED_FACE('',(#331),#332,.T.);
#135=ADVANCED_FACE('',(#333),#334,.T.);
#136=ADVANCED_FACE('',(#335),#336,.T.);
#137=ADVANCED_FACE('',(#337),#338,.T.);
#138=ADVANCED_FACE('',(#339),#340,.F.);
#139=ADVANCED_FACE('',(#341),#342,.T.);
#140=ADVANCED_FACE('',(#343),#344,.T.);
#141=ADVANCED_FACE('',(#345),#346,.T.);
#142=ADVANCED_FACE('',(#347),#348,.T.);
#143=ADVANCED_FACE('',(#349),#350,.T.);
#144=ADVANCED_FACE('',(#351),#352,.T.);
#145=ADVANCED_FACE('',(#353),#354,.T.);
#146=ADVANCED_FACE('',(#355,#356),#357,.T.);
#147=ADVANCED_FACE('',(#358),#359,.F.);
#148=ADVANCED_FACE('',(#360),#361,.F.);
#149=ADVANCED_FACE('',(#362),#363,.F.);
#150=ADVANCED_FACE('',(#364),#365,.F.);
#151=ADVANCED_FACE('',(#366),#367,.T.);
#152=ADVANCED_FACE('',(#368),#369,.T.);
#153=ADVANCED_FACE('',(#370),#371,.T.);
#154=ADVANCED_FACE('',(#372),#373,.T.);
#155=ADVANCED_FACE('',(#374),#375,.T.);
#157=SURFACE_STYLE_FILL_AREA(#376);
#158=FACE_OUTER_BOUND('',#377,.T.);
#159=CYLINDRICAL_SURFACE('',#378,1.75);
#160=FACE_OUTER_BOUND('',#379,.T.);
#161=CYLINDRICAL_SURFACE('',#380,1.75);
#162=FACE_OUTER_BOUND('',#381,.T.);
#163=CONICAL_SURFACE('',#382,1.5,0.475942071478992);
#164=FACE_OUTER_BOUND('',#383,.T.);
#165=CONICAL_SURFACE('',#384,1.5,0.475942071478992);
#166=FACE_OUTER_BOUND('',#385,.T.);
#167=CYLINDRICAL_SURFACE('',#386,1.5);
#168=FACE_OUTER_BOUND('',#387,.T.);
#169=CYLINDRICAL_SURFACE('',#388,1.5);
#170=FACE_OUTER_BOUND('',#389,.T.);
#171=FACE_BOUND('',#390,.T.);
#172=FACE_BOUND('',#391,.T.);
#173=PLANE('',#392);
#174=FACE_OUTER_BOUND('',#393,.T.);
#175=PLANE('',#394);
#176=FACE_OUTER_BOUND('',#395,.T.);
#177=PLANE('',#396);
#178=FACE_OUTER_BOUND('',#397,.T.);
#179=PLANE('',#398);
#180=FACE_OUTER_BOUND('',#399,.T.);
#181=CYLINDRICAL_SURFACE('',#400,0.3);
#182=FACE_OUTER_BOUND('',#401,.T.);
#183=PLANE('',#402);
#184=FACE_OUTER_BOUND('',#403,.T.);
#185=CYLINDRICAL_SURFACE('',#404,0.3);
#186=FACE_OUTER_BOUND('',#405,.T.);
#187=PLANE('',#406);
#188=FACE_OUTER_BOUND('',#407,.T.);
#189=FACE_BOUND('',#408,.T.);
#190=FACE_BOUND('',#409,.T.);
#191=PLANE('',#410);
#192=FACE_OUTER_BOUND('',#411,.T.);
#193=CYLINDRICAL_SURFACE('',#412,1.5);
#194=FACE_OUTER_BOUND('',#413,.T.);
#195=CYLINDRICAL_SURFACE('',#414,1.5);
#196=FACE_OUTER_BOUND('',#415,.T.);
#197=PLANE('',#416);
#198=FACE_OUTER_BOUND('',#417,.T.);
#199=PLANE('',#418);
#200=FACE_OUTER_BOUND('',#419,.T.);
#201=PLANE('',#420);
#202=FACE_OUTER_BOUND('',#421,.T.);
#203=CONICAL_SURFACE('',#422,1.5,0.475942071478992);
#204=FACE_OUTER_BOUND('',#423,.T.);
#205=CONICAL_SURFACE('',#424,1.5,0.475942071478992);
#206=FACE_OUTER_BOUND('',#425,.T.);
#207=PLANE('',#426);
#208=FACE_OUTER_BOUND('',#427,.T.);
#209=PLANE('',#428);
#210=FACE_OUTER_BOUND('',#429,.T.);
#211=PLANE('',#430);
#212=FACE_OUTER_BOUND('',#431,.T.);
#213=PLANE('',#432);
#214=FACE_OUTER_BOUND('',#433,.T.);
#215=PLANE('',#434);
#216=FACE_OUTER_BOUND('',#435,.T.);
#217=PLANE('',#436);
#218=FACE_OUTER_BOUND('',#437,.T.);
#219=PLANE('',#438);
#220=FACE_OUTER_BOUND('',#439,.T.);
#221=PLANE('',#440);
#222=FACE_OUTER_BOUND('',#441,.T.);
#223=PLANE('',#442);
#224=FACE_OUTER_BOUND('',#443,.T.);
#225=PLANE('',#444);
#226=FACE_OUTER_BOUND('',#445,.T.);
#227=PLANE('',#446);
#228=FACE_OUTER_BOUND('',#447,.T.);
#229=CYLINDRICAL_SURFACE('',#448,1.75);
#230=FACE_OUTER_BOUND('',#449,.T.);
#231=CYLINDRICAL_SURFACE('',#450,1.75);
#232=FACE_OUTER_BOUND('',#451,.T.);
#233=PLANE('',#452);
#234=FACE_OUTER_BOUND('',#453,.T.);
#235=CYLINDRICAL_SURFACE('',#454,0.3);
#236=FACE_OUTER_BOUND('',#455,.T.);
#237=PLANE('',#456);
#238=FACE_OUTER_BOUND('',#457,.T.);
#239=FACE_BOUND('',#458,.T.);
#240=FACE_BOUND('',#459,.T.);
#241=PLANE('',#460);
#242=FACE_OUTER_BOUND('',#461,.T.);
#243=PLANE('',#462);
#244=FACE_OUTER_BOUND('',#463,.T.);
#245=PLANE('',#464);
#246=FACE_OUTER_BOUND('',#465,.T.);
#247=PLANE('',#466);
#248=FACE_OUTER_BOUND('',#467,.T.);
#249=PLANE('',#468);
#250=FACE_OUTER_BOUND('',#469,.T.);
#251=CYLINDRICAL_SURFACE('',#470,0.3);
#252=FACE_OUTER_BOUND('',#471,.T.);
#253=PLANE('',#472);
#254=FACE_OUTER_BOUND('',#473,.T.);
#255=PLANE('',#474);
#256=FACE_OUTER_BOUND('',#475,.T.);
#257=PLANE('',#476);
#258=FACE_OUTER_BOUND('',#477,.T.);
#259=PLANE('',#478);
#260=FACE_OUTER_BOUND('',#479,.T.);
#261=PLANE('',#480);
#262=FACE_OUTER_BOUND('',#481,.T.);
#263=CYLINDRICAL_SURFACE('',#482,1.3);
#264=FACE_OUTER_BOUND('',#483,.T.);
#265=PLANE('',#484);
#266=FACE_OUTER_BOUND('',#485,.T.);
#267=PLANE('',#486);
#268=FACE_OUTER_BOUND('',#487,.T.);
#269=PLANE('',#488);
#270=FACE_OUTER_BOUND('',#489,.T.);
#271=PLANE('',#490);
#272=FACE_OUTER_BOUND('',#491,.T.);
#273=PLANE('',#492);
#274=FACE_OUTER_BOUND('',#493,.T.);
#275=PLANE('',#494);
#276=FACE_OUTER_BOUND('',#495,.T.);
#277=PLANE('',#496);
#278=FACE_OUTER_BOUND('',#497,.T.);
#279=PLANE('',#498);
#280=FACE_OUTER_BOUND('',#499,.T.);
#281=CYLINDRICAL_SURFACE('',#500,0.3);
#282=FACE_OUTER_BOUND('',#501,.T.);
#283=PLANE('',#502);
#284=FACE_OUTER_BOUND('',#503,.T.);
#285=PLANE('',#504);
#286=FACE_OUTER_BOUND('',#505,.T.);
#287=PLANE('',#506);
#288=FACE_OUTER_BOUND('',#507,.T.);
#289=PLANE('',#508);
#290=FACE_OUTER_BOUND('',#509,.T.);
#291=PLANE('',#510);
#292=FACE_OUTER_BOUND('',#511,.T.);
#293=PLANE('',#512);
#294=FACE_OUTER_BOUND('',#513,.T.);
#295=PLANE('',#514);
#296=FACE_OUTER_BOUND('',#515,.T.);
#297=FACE_BOUND('',#516,.T.);
#298=PLANE('',#517);
#299=FACE_OUTER_BOUND('',#518,.T.);
#300=PLANE('',#519);
#301=FACE_OUTER_BOUND('',#520,.T.);
#302=PLANE('',#521);
#303=FACE_OUTER_BOUND('',#522,.T.);
#304=PLANE('',#523);
#305=FACE_OUTER_BOUND('',#524,.T.);
#306=PLANE('',#525);
#307=FACE_OUTER_BOUND('',#526,.T.);
#308=PLANE('',#527);
#309=FACE_OUTER_BOUND('',#528,.T.);
#310=PLANE('',#529);
#311=FACE_OUTER_BOUND('',#530,.T.);
#312=PLANE('',#531);
#313=FACE_OUTER_BOUND('',#532,.T.);
#314=PLANE('',#533);
#315=FACE_OUTER_BOUND('',#534,.T.);
#316=PLANE('',#535);
#317=FACE_OUTER_BOUND('',#536,.T.);
#318=PLANE('',#537);
#319=FACE_OUTER_BOUND('',#538,.T.);
#320=PLANE('',#539);
#321=FACE_OUTER_BOUND('',#540,.T.);
#322=CYLINDRICAL_SURFACE('',#541,1.3);
#323=FACE_OUTER_BOUND('',#542,.T.);
#324=PLANE('',#543);
#325=FACE_OUTER_BOUND('',#544,.T.);
#326=PLANE('',#545);
#327=FACE_OUTER_BOUND('',#546,.T.);
#328=PLANE('',#547);
#329=FACE_OUTER_BOUND('',#548,.T.);
#330=PLANE('',#549);
#331=FACE_OUTER_BOUND('',#550,.T.);
#332=PLANE('',#551);
#333=FACE_OUTER_BOUND('',#552,.T.);
#334=PLANE('',#553);
#335=FACE_OUTER_BOUND('',#554,.T.);
#336=PLANE('',#555);
#337=FACE_OUTER_BOUND('',#556,.T.);
#338=PLANE('',#557);
#339=FACE_OUTER_BOUND('',#558,.T.);
#340=CYLINDRICAL_SURFACE('',#559,0.3);
#341=FACE_OUTER_BOUND('',#560,.T.);
#342=PLANE('',#561);
#343=FACE_OUTER_BOUND('',#562,.T.);
#344=PLANE('',#563);
#345=FACE_OUTER_BOUND('',#564,.T.);
#346=PLANE('',#565);
#347=FACE_OUTER_BOUND('',#566,.T.);
#348=PLANE('',#567);
#349=FACE_OUTER_BOUND('',#568,.T.);
#350=PLANE('',#569);
#351=FACE_OUTER_BOUND('',#570,.T.);
#352=PLANE('',#571);
#353=FACE_OUTER_BOUND('',#572,.T.);
#354=PLANE('',#573);
#355=FACE_OUTER_BOUND('',#574,.T.);
#356=FACE_BOUND('',#575,.T.);
#357=PLANE('',#576);
#358=FACE_OUTER_BOUND('',#577,.T.);
#359=PLANE('',#578);
#360=FACE_OUTER_BOUND('',#579,.T.);
#361=PLANE('',#580);
#362=FACE_OUTER_BOUND('',#581,.T.);
#363=PLANE('',#582);
#364=FACE_OUTER_BOUND('',#583,.T.);
#365=PLANE('',#584);
#366=FACE_OUTER_BOUND('',#585,.T.);
#367=CYLINDRICAL_SURFACE('',#586,0.3);
#368=FACE_OUTER_BOUND('',#587,.T.);
#369=PLANE('',#588);
#370=FACE_OUTER_BOUND('',#589,.T.);
#371=PLANE('',#590);
#372=FACE_OUTER_BOUND('',#591,.T.);
#373=PLANE('',#592);
#374=FACE_OUTER_BOUND('',#593,.T.);
#375=PLANE('',#594);
#376=FILL_AREA_STYLE('',(#595));
#377=EDGE_LOOP('',(#596,#597,#598,#599));
#378=AXIS2_PLACEMENT_3D('',#600,#601,#602);
#379=EDGE_LOOP('',(#603,#604,#605,#606));
#380=AXIS2_PLACEMENT_3D('',#607,#608,#609);
#381=EDGE_LOOP('',(#610,#611,#612,#613));
#382=AXIS2_PLACEMENT_3D('',#614,#615,#616);
#383=EDGE_LOOP('',(#617,#618,#619,#620));
#384=AXIS2_PLACEMENT_3D('',#621,#622,#623);
#385=EDGE_LOOP('',(#624,#625,#626,#627));
#386=AXIS2_PLACEMENT_3D('',#628,#629,#630);
#387=EDGE_LOOP('',(#631,#632,#633,#634));
#388=AXIS2_PLACEMENT_3D('',#635,#636,#637);
#389=EDGE_LOOP('',(#638,#639,#640,#641,#642,#643,#644,#645,#646,#647,#648,#649));
#390=EDGE_LOOP('',(#650,#651,#652,#653));
#391=EDGE_LOOP('',(#654,#655,#656,#657,#658,#659));
#392=AXIS2_PLACEMENT_3D('',#660,#661,#662);
#393=EDGE_LOOP('',(#663,#664,#665,#666));
#394=AXIS2_PLACEMENT_3D('',#667,#668,#669);
#395=EDGE_LOOP('',(#670,#671,#672,#673));
#396=AXIS2_PLACEMENT_3D('',#674,#675,#676);
#397=EDGE_LOOP('',(#677,#678,#679,#680,#681,#682,#683,#684,#685,#686,#687,#688));
#398=AXIS2_PLACEMENT_3D('',#689,#690,#691);
#399=EDGE_LOOP('',(#692,#693,#694,#695));
#400=AXIS2_PLACEMENT_3D('',#696,#697,#698);
#401=EDGE_LOOP('',(#699,#700,#701,#702,#703,#704));
#402=AXIS2_PLACEMENT_3D('',#705,#706,#707);
#403=EDGE_LOOP('',(#708,#709,#710,#711));
#404=AXIS2_PLACEMENT_3D('',#712,#713,#714);
#405=EDGE_LOOP('',(#715,#716,#717,#718,#719));
#406=AXIS2_PLACEMENT_3D('',#720,#721,#722);
#407=EDGE_LOOP('',(#723,#724,#725,#726,#727,#728,#729,#730));
#408=EDGE_LOOP('',(#731,#732,#733));
#409=EDGE_LOOP('',(#734,#735,#736));
#410=AXIS2_PLACEMENT_3D('',#737,#738,#739);
#411=EDGE_LOOP('',(#740,#741,#742,#743));
#412=AXIS2_PLACEMENT_3D('',#744,#745,#746);
#413=EDGE_LOOP('',(#747,#748,#749,#750));
#414=AXIS2_PLACEMENT_3D('',#751,#752,#753);
#415=EDGE_LOOP('',(#754,#755,#756,#757,#758,#759,#760,#761));
#416=AXIS2_PLACEMENT_3D('',#762,#763,#764);
#417=EDGE_LOOP('',(#765,#766,#767,#768));
#418=AXIS2_PLACEMENT_3D('',#769,#770,#771);
#419=EDGE_LOOP('',(#772,#773,#774,#775));
#420=AXIS2_PLACEMENT_3D('',#776,#777,#778);
#421=EDGE_LOOP('',(#779,#780,#781,#782));
#422=AXIS2_PLACEMENT_3D('',#783,#784,#785);
#423=EDGE_LOOP('',(#786,#787,#788,#789));
#424=AXIS2_PLACEMENT_3D('',#790,#791,#792);
#425=EDGE_LOOP('',(#793,#794,#795,#796,#797));
#426=AXIS2_PLACEMENT_3D('',#798,#799,#800);
#427=EDGE_LOOP('',(#801,#802,#803,#804,#805));
#428=AXIS2_PLACEMENT_3D('',#806,#807,#808);
#429=EDGE_LOOP('',(#809,#810,#811,#812));
#430=AXIS2_PLACEMENT_3D('',#813,#814,#815);
#431=EDGE_LOOP('',(#816,#817,#818,#819));
#432=AXIS2_PLACEMENT_3D('',#820,#821,#822);
#433=EDGE_LOOP('',(#823,#824,#825,#826,#827,#828,#829,#830));
#434=AXIS2_PLACEMENT_3D('',#831,#832,#833);
#435=EDGE_LOOP('',(#834,#835,#836,#837));
#436=AXIS2_PLACEMENT_3D('',#838,#839,#840);
#437=EDGE_LOOP('',(#841,#842,#843,#844));
#438=AXIS2_PLACEMENT_3D('',#845,#846,#847);
#439=EDGE_LOOP('',(#848,#849,#850,#851,#852,#853));
#440=AXIS2_PLACEMENT_3D('',#854,#855,#856);
#441=EDGE_LOOP('',(#857,#858,#859,#860,#861,#862));
#442=AXIS2_PLACEMENT_3D('',#863,#864,#865);
#443=EDGE_LOOP('',(#866,#867,#868,#869));
#444=AXIS2_PLACEMENT_3D('',#870,#871,#872);
#445=EDGE_LOOP('',(#873,#874,#875,#876));
#446=AXIS2_PLACEMENT_3D('',#877,#878,#879);
#447=EDGE_LOOP('',(#880,#881,#882,#883));
#448=AXIS2_PLACEMENT_3D('',#884,#885,#886);
#449=EDGE_LOOP('',(#887,#888,#889,#890));
#450=AXIS2_PLACEMENT_3D('',#891,#892,#893);
#451=EDGE_LOOP('',(#894,#895,#896,#897,#898));
#452=AXIS2_PLACEMENT_3D('',#899,#900,#901);
#453=EDGE_LOOP('',(#902,#903,#904,#905));
#454=AXIS2_PLACEMENT_3D('',#906,#907,#908);
#455=EDGE_LOOP('',(#909,#910,#911,#912,#913,#914));
#456=AXIS2_PLACEMENT_3D('',#915,#916,#917);
#457=EDGE_LOOP('',(#918,#919,#920,#921,#922,#923,#924,#925,#926,#927));
#458=EDGE_LOOP('',(#928,#929,#930,#931));
#459=EDGE_LOOP('',(#932,#933,#934,#935));
#460=AXIS2_PLACEMENT_3D('',#936,#937,#938);
#461=EDGE_LOOP('',(#939,#940,#941,#942));
#462=AXIS2_PLACEMENT_3D('',#943,#944,#945);
#463=EDGE_LOOP('',(#946,#947,#948,#949));
#464=AXIS2_PLACEMENT_3D('',#950,#951,#952);
#465=EDGE_LOOP('',(#953,#954,#955,#956));
#466=AXIS2_PLACEMENT_3D('',#957,#958,#959);
#467=EDGE_LOOP('',(#960,#961,#962,#963));
#468=AXIS2_PLACEMENT_3D('',#964,#965,#966);
#469=EDGE_LOOP('',(#967,#968,#969,#970));
#470=AXIS2_PLACEMENT_3D('',#971,#972,#973);
#471=EDGE_LOOP('',(#974,#975,#976,#977,#978,#979,#980,#981));
#472=AXIS2_PLACEMENT_3D('',#982,#983,#984);
#473=EDGE_LOOP('',(#985,#986,#987,#988));
#474=AXIS2_PLACEMENT_3D('',#989,#990,#991);
#475=EDGE_LOOP('',(#992,#993,#994,#995));
#476=AXIS2_PLACEMENT_3D('',#996,#997,#998);
#477=EDGE_LOOP('',(#999,#1000,#1001,#1002));
#478=AXIS2_PLACEMENT_3D('',#1003,#1004,#1005);
#479=EDGE_LOOP('',(#1006,#1007,#1008,#1009));
#480=AXIS2_PLACEMENT_3D('',#1010,#1011,#1012);
#481=EDGE_LOOP('',(#1013,#1014,#1015,#1016));
#482=AXIS2_PLACEMENT_3D('',#1017,#1018,#1019);
#483=EDGE_LOOP('',(#1020,#1021,#1022,#1023));
#484=AXIS2_PLACEMENT_3D('',#1024,#1025,#1026);
#485=EDGE_LOOP('',(#1027,#1028,#1029,#1030));
#486=AXIS2_PLACEMENT_3D('',#1031,#1032,#1033);
#487=EDGE_LOOP('',(#1034,#1035,#1036,#1037,#1038,#1039,#1040,#1041));
#488=AXIS2_PLACEMENT_3D('',#1042,#1043,#1044);
#489=EDGE_LOOP('',(#1045,#1046,#1047,#1048));
#490=AXIS2_PLACEMENT_3D('',#1049,#1050,#1051);
#491=EDGE_LOOP('',(#1052,#1053,#1054,#1055));
#492=AXIS2_PLACEMENT_3D('',#1056,#1057,#1058);
#493=EDGE_LOOP('',(#1059,#1060,#1061,#1062));
#494=AXIS2_PLACEMENT_3D('',#1063,#1064,#1065);
#495=EDGE_LOOP('',(#1066,#1067,#1068,#1069));
#496=AXIS2_PLACEMENT_3D('',#1070,#1071,#1072);
#497=EDGE_LOOP('',(#1073,#1074,#1075,#1076));
#498=AXIS2_PLACEMENT_3D('',#1077,#1078,#1079);
#499=EDGE_LOOP('',(#1080,#1081,#1082,#1083));
#500=AXIS2_PLACEMENT_3D('',#1084,#1085,#1086);
#501=EDGE_LOOP('',(#1087,#1088,#1089,#1090));
#502=AXIS2_PLACEMENT_3D('',#1091,#1092,#1093);
#503=EDGE_LOOP('',(#1094,#1095,#1096,#1097));
#504=AXIS2_PLACEMENT_3D('',#1098,#1099,#1100);
#505=EDGE_LOOP('',(#1101,#1102,#1103,#1104));
#506=AXIS2_PLACEMENT_3D('',#1105,#1106,#1107);
#507=EDGE_LOOP('',(#1108,#1109,#1110,#1111));
#508=AXIS2_PLACEMENT_3D('',#1112,#1113,#1114);
#509=EDGE_LOOP('',(#1115,#1116,#1117,#1118));
#510=AXIS2_PLACEMENT_3D('',#1119,#1120,#1121);
#511=EDGE_LOOP('',(#1122,#1123,#1124,#1125));
#512=AXIS2_PLACEMENT_3D('',#1126,#1127,#1128);
#513=EDGE_LOOP('',(#1129,#1130,#1131,#1132));
#514=AXIS2_PLACEMENT_3D('',#1133,#1134,#1135);
#515=EDGE_LOOP('',(#1136,#1137,#1138,#1139,#1140,#1141));
#516=EDGE_LOOP('',(#1142,#1143,#1144,#1145));
#517=AXIS2_PLACEMENT_3D('',#1146,#1147,#1148);
#518=EDGE_LOOP('',(#1149,#1150,#1151,#1152));
#519=AXIS2_PLACEMENT_3D('',#1153,#1154,#1155);
#520=EDGE_LOOP('',(#1156,#1157,#1158,#1159));
#521=AXIS2_PLACEMENT_3D('',#1160,#1161,#1162);
#522=EDGE_LOOP('',(#1163,#1164,#1165,#1166));
#523=AXIS2_PLACEMENT_3D('',#1167,#1168,#1169);
#524=EDGE_LOOP('',(#1170,#1171,#1172,#1173));
#525=AXIS2_PLACEMENT_3D('',#1174,#1175,#1176);
#526=EDGE_LOOP('',(#1177,#1178,#1179,#1180));
#527=AXIS2_PLACEMENT_3D('',#1181,#1182,#1183);
#528=EDGE_LOOP('',(#1184,#1185,#1186,#1187));
#529=AXIS2_PLACEMENT_3D('',#1188,#1189,#1190);
#530=EDGE_LOOP('',(#1191,#1192,#1193,#1194,#1195,#1196,#1197,#1198));
#531=AXIS2_PLACEMENT_3D('',#1199,#1200,#1201);
#532=EDGE_LOOP('',(#1202,#1203,#1204,#1205));
#533=AXIS2_PLACEMENT_3D('',#1206,#1207,#1208);
#534=EDGE_LOOP('',(#1209,#1210,#1211,#1212));
#535=AXIS2_PLACEMENT_3D('',#1213,#1214,#1215);
#536=EDGE_LOOP('',(#1216,#1217,#1218,#1219));
#537=AXIS2_PLACEMENT_3D('',#1220,#1221,#1222);
#538=EDGE_LOOP('',(#1223,#1224,#1225,#1226));
#539=AXIS2_PLACEMENT_3D('',#1227,#1228,#1229);
#540=EDGE_LOOP('',(#1230,#1231,#1232,#1233));
#541=AXIS2_PLACEMENT_3D('',#1234,#1235,#1236);
#542=EDGE_LOOP('',(#1237,#1238,#1239,#1240));
#543=AXIS2_PLACEMENT_3D('',#1241,#1242,#1243);
#544=EDGE_LOOP('',(#1244,#1245,#1246,#1247));
#545=AXIS2_PLACEMENT_3D('',#1248,#1249,#1250);
#546=EDGE_LOOP('',(#1251,#1252,#1253,#1254,#1255,#1256,#1257,#1258));
#547=AXIS2_PLACEMENT_3D('',#1259,#1260,#1261);
#548=EDGE_LOOP('',(#1262,#1263,#1264,#1265));
#549=AXIS2_PLACEMENT_3D('',#1266,#1267,#1268);
#550=EDGE_LOOP('',(#1269,#1270,#1271,#1272));
#551=AXIS2_PLACEMENT_3D('',#1273,#1274,#1275);
#552=EDGE_LOOP('',(#1276,#1277,#1278,#1279));
#553=AXIS2_PLACEMENT_3D('',#1280,#1281,#1282);
#554=EDGE_LOOP('',(#1283,#1284,#1285,#1286));
#555=AXIS2_PLACEMENT_3D('',#1287,#1288,#1289);
#556=EDGE_LOOP('',(#1290,#1291,#1292,#1293));
#557=AXIS2_PLACEMENT_3D('',#1294,#1295,#1296);
#558=EDGE_LOOP('',(#1297,#1298,#1299,#1300));
#559=AXIS2_PLACEMENT_3D('',#1301,#1302,#1303);
#560=EDGE_LOOP('',(#1304,#1305,#1306,#1307));
#561=AXIS2_PLACEMENT_3D('',#1308,#1309,#1310);
#562=EDGE_LOOP('',(#1311,#1312,#1313,#1314));
#563=AXIS2_PLACEMENT_3D('',#1315,#1316,#1317);
#564=EDGE_LOOP('',(#1318,#1319,#1320,#1321));
#565=AXIS2_PLACEMENT_3D('',#1322,#1323,#1324);
#566=EDGE_LOOP('',(#1325,#1326,#1327,#1328));
#567=AXIS2_PLACEMENT_3D('',#1329,#1330,#1331);
#568=EDGE_LOOP('',(#1332,#1333,#1334,#1335));
#569=AXIS2_PLACEMENT_3D('',#1336,#1337,#1338);
#570=EDGE_LOOP('',(#1339,#1340,#1341,#1342));
#571=AXIS2_PLACEMENT_3D('',#1343,#1344,#1345);
#572=EDGE_LOOP('',(#1346,#1347,#1348,#1349));
#573=AXIS2_PLACEMENT_3D('',#1350,#1351,#1352);
#574=EDGE_LOOP('',(#1353,#1354,#1355,#1356));
#575=EDGE_LOOP('',(#1357,#1358,#1359,#1360));
#576=AXIS2_PLACEMENT_3D('',#1361,#1362,#1363);
#577=EDGE_LOOP('',(#1364,#1365,#1366,#1367));
#578=AXIS2_PLACEMENT_3D('',#1368,#1369,#1370);
#579=EDGE_LOOP('',(#1371,#1372,#1373,#1374));
#580=AXIS2_PLACEMENT_3D('',#1375,#1376,#1377);
#581=EDGE_LOOP('',(#1378,#1379,#1380,#1381));
#582=AXIS2_PLACEMENT_3D('',#1382,#1383,#1384);
#583=EDGE_LOOP('',(#1385,#1386,#1387,#1388));
#584=AXIS2_PLACEMENT_3D('',#1389,#1390,#1391);
#585=EDGE_LOOP('',(#1392,#1393,#1394,#1395));
#586=AXIS2_PLACEMENT_3D('',#1396,#1397,#1398);
#587=EDGE_LOOP('',(#1399,#1400));
#588=AXIS2_PLACEMENT_3D('',#1401,#1402,#1403);
#589=EDGE_LOOP('',(#1404,#1405,#1406,#1407));
#590=AXIS2_PLACEMENT_3D('',#1408,#1409,#1410);
#591=EDGE_LOOP('',(#1411,#1412,#1413,#1414));
#592=AXIS2_PLACEMENT_3D('',#1415,#1416,#1417);
#593=EDGE_LOOP('',(#1418,#1419,#1420,#1421));
#594=AXIS2_PLACEMENT_3D('',#1422,#1423,#1424);
#595=FILL_AREA_STYLE_COLOUR('',#1425);
#596=ORIENTED_EDGE('',*,*,#1426,.F.);
#597=ORIENTED_EDGE('',*,*,#1427,.F.);
#598=ORIENTED_EDGE('',*,*,#1428,.T.);
#599=ORIENTED_EDGE('',*,*,#1429,.F.);
#600=CARTESIAN_POINT('',(0.0,0.565,-6.6));
#601=DIRECTION('',(0.0,1.0,0.0));
#602=DIRECTION('',(1.0,0.0,-1.22464679914735E-16));
#603=ORIENTED_EDGE('',*,*,#1430,.F.);
#604=ORIENTED_EDGE('',*,*,#1431,.F.);
#605=ORIENTED_EDGE('',*,*,#1432,.T.);
#606=ORIENTED_EDGE('',*,*,#1433,.F.);
#607=CARTESIAN_POINT('',(0.0,0.565,-6.6));
#608=DIRECTION('',(0.0,1.0,-0.0));
#609=DIRECTION('',(-1.0,0.0,0.0));
#610=ORIENTED_EDGE('',*,*,#1434,.F.);
#611=ORIENTED_EDGE('',*,*,#1435,.F.);
#612=ORIENTED_EDGE('',*,*,#1436,.F.);
#613=ORIENTED_EDGE('',*,*,#1437,.T.);
#614=CARTESIAN_POINT('',(0.0,-2.415,-6.6));
#615=DIRECTION('',(0.0,1.0,-0.0));
#616=DIRECTION('',(-1.0,0.0,-1.0759205346363E-13));
#617=ORIENTED_EDGE('',*,*,#1438,.F.);
#618=ORIENTED_EDGE('',*,*,#1439,.F.);
#619=ORIENTED_EDGE('',*,*,#1440,.T.);
#620=ORIENTED_EDGE('',*,*,#1441,.T.);
#621=CARTESIAN_POINT('',(0.0,-2.415,-6.6));
#622=DIRECTION('',(-0.0,1.0,-0.0));
#623=DIRECTION('',(1.0,0.0,0.0));
#624=ORIENTED_EDGE('',*,*,#1442,.F.);
#625=ORIENTED_EDGE('',*,*,#1443,.F.);
#626=ORIENTED_EDGE('',*,*,#1444,.T.);
#627=ORIENTED_EDGE('',*,*,#1445,.F.);
#628=CARTESIAN_POINT('',(0.0,0.565,-6.6));
#629=DIRECTION('',(0.0,1.0,-0.0));
#630=DIRECTION('',(1.0,0.0,1.01064309961486E-15));
#631=ORIENTED_EDGE('',*,*,#1446,.F.);
#632=ORIENTED_EDGE('',*,*,#1447,.F.);
#633=ORIENTED_EDGE('',*,*,#1448,.T.);
#634=ORIENTED_EDGE('',*,*,#1449,.F.);
#635=CARTESIAN_POINT('',(0.0,0.565,-6.6));
#636=DIRECTION('',(0.0,1.0,-0.0));
#637=DIRECTION('',(-1.0,0.0,0.0));
#638=ORIENTED_EDGE('',*,*,#1450,.F.);
#639=ORIENTED_EDGE('',*,*,#1451,.F.);
#640=ORIENTED_EDGE('',*,*,#1452,.T.);
#641=ORIENTED_EDGE('',*,*,#1453,.F.);
#642=ORIENTED_EDGE('',*,*,#1454,.T.);
#643=ORIENTED_EDGE('',*,*,#1455,.F.);
#644=ORIENTED_EDGE('',*,*,#1456,.T.);
#645=ORIENTED_EDGE('',*,*,#1457,.F.);
#646=ORIENTED_EDGE('',*,*,#1458,.T.);
#647=ORIENTED_EDGE('',*,*,#1459,.F.);
#648=ORIENTED_EDGE('',*,*,#1460,.F.);
#649=ORIENTED_EDGE('',*,*,#1461,.F.);
#650=ORIENTED_EDGE('',*,*,#1462,.F.);
#651=ORIENTED_EDGE('',*,*,#1463,.F.);
#652=ORIENTED_EDGE('',*,*,#1464,.F.);
#653=ORIENTED_EDGE('',*,*,#1465,.F.);
#654=ORIENTED_EDGE('',*,*,#1466,.F.);
#655=ORIENTED_EDGE('',*,*,#1467,.T.);
#656=ORIENTED_EDGE('',*,*,#1468,.F.);
#657=ORIENTED_EDGE('',*,*,#1469,.F.);
#658=ORIENTED_EDGE('',*,*,#1470,.F.);
#659=ORIENTED_EDGE('',*,*,#1471,.T.);
#660=CARTESIAN_POINT('',(0.0,0.0,0.0));
#661=DIRECTION('',(0.0,0.0,-1.0));
#662=DIRECTION('',(0.0,-1.0,0.0));
#663=ORIENTED_EDGE('',*,*,#1450,.T.);
#664=ORIENTED_EDGE('',*,*,#1472,.F.);
#665=ORIENTED_EDGE('',*,*,#1473,.F.);
#666=ORIENTED_EDGE('',*,*,#1474,.T.);
#667=CARTESIAN_POINT('',(-2.0,7.2,-2.122484128936));
#668=DIRECTION('',(0.0,0.834761171441682,0.550612192612288));
#669=DIRECTION('',(1.0,0.0,-0.0));
#670=ORIENTED_EDGE('',*,*,#1475,.F.);
#671=ORIENTED_EDGE('',*,*,#1474,.F.);
#672=ORIENTED_EDGE('',*,*,#1476,.F.);
#673=ORIENTED_EDGE('',*,*,#1477,.F.);
#674=CARTESIAN_POINT('',(-2.0,0.0,0.0));
#675=DIRECTION('',(1.0,0.0,0.0));
#676=DIRECTION('',(0.0,1.0,0.0));
#677=ORIENTED_EDGE('',*,*,#1475,.T.);
#678=ORIENTED_EDGE('',*,*,#1478,.T.);
#679=ORIENTED_EDGE('',*,*,#1479,.F.);
#680=ORIENTED_EDGE('',*,*,#1461,.T.);
#681=ORIENTED_EDGE('',*,*,#1480,.T.);
#682=ORIENTED_EDGE('',*,*,#1481,.F.);
#683=ORIENTED_EDGE('',*,*,#1482,.F.);
#684=ORIENTED_EDGE('',*,*,#1459,.T.);
#685=ORIENTED_EDGE('',*,*,#1483,.F.);
#686=ORIENTED_EDGE('',*,*,#1484,.F.);
#687=ORIENTED_EDGE('',*,*,#1485,.T.);
#688=ORIENTED_EDGE('',*,*,#1451,.T.);
#689=CARTESIAN_POINT('',(-4.8,5.8,0.0));
#690=DIRECTION('',(-0.0,1.0,0.0));
#691=DIRECTION('',(1.0,0.0,0.0));
#692=ORIENTED_EDGE('',*,*,#1485,.F.);
#693=ORIENTED_EDGE('',*,*,#1486,.F.);
#694=ORIENTED_EDGE('',*,*,#1487,.T.);
#695=ORIENTED_EDGE('',*,*,#1452,.F.);
#696=CARTESIAN_POINT('',(-4.5,5.5,-12.815648));
#697=DIRECTION('',(-0.0,0.0,-1.0));
#698=DIRECTION('',(-1.0,0.0,0.0));
#699=ORIENTED_EDGE('',*,*,#1488,.T.);
#700=ORIENTED_EDGE('',*,*,#1453,.T.);
#701=ORIENTED_EDGE('',*,*,#1487,.F.);
#702=ORIENTED_EDGE('',*,*,#1489,.F.);
#703=ORIENTED_EDGE('',*,*,#1490,.T.);
#704=ORIENTED_EDGE('',*,*,#1491,.T.);
#705=CARTESIAN_POINT('',(-4.8,0.4,0.0));
#706=DIRECTION('',(-1.0,0.0,0.0));
#707=DIRECTION('',(0.0,0.0,1.0));
#708=ORIENTED_EDGE('',*,*,#1492,.T.);
#709=ORIENTED_EDGE('',*,*,#1493,.T.);
#710=ORIENTED_EDGE('',*,*,#1454,.F.);
#711=ORIENTED_EDGE('',*,*,#1488,.F.);
#712=CARTESIAN_POINT('',(-4.5,0.7,-12.815648));
#713=DIRECTION('',(0.0,-0.0,-1.0));
#714=DIRECTION('',(0.0,-1.0,0.0));
#715=ORIENTED_EDGE('',*,*,#1494,.T.);
#716=ORIENTED_EDGE('',*,*,#1492,.F.);
#717=ORIENTED_EDGE('',*,*,#1491,.F.);
#718=ORIENTED_EDGE('',*,*,#1495,.T.);
#719=ORIENTED_EDGE('',*,*,#1496,.F.);
#720=CARTESIAN_POINT('',(-3.91,0.0,-2.0));
#721=DIRECTION('',(0.0,0.0,1.0));
#722=DIRECTION('',(1.0,0.0,0.0));
#723=ORIENTED_EDGE('',*,*,#1497,.F.);
#724=ORIENTED_EDGE('',*,*,#1498,.T.);
#725=ORIENTED_EDGE('',*,*,#1455,.T.);
#726=ORIENTED_EDGE('',*,*,#1493,.F.);
#727=ORIENTED_EDGE('',*,*,#1494,.F.);
#728=ORIENTED_EDGE('',*,*,#1499,.F.);
#729=ORIENTED_EDGE('',*,*,#1500,.F.);
#730=ORIENTED_EDGE('',*,*,#1501,.T.);
#731=ORIENTED_EDGE('',*,*,#1443,.T.);
#732=ORIENTED_EDGE('',*,*,#1502,.T.);
#733=ORIENTED_EDGE('',*,*,#1503,.T.);
#734=ORIENTED_EDGE('',*,*,#1447,.T.);
#735=ORIENTED_EDGE('',*,*,#1504,.T.);
#736=ORIENTED_EDGE('',*,*,#1505,.T.);
#737=CARTESIAN_POINT('',(4.8,0.4,0.0));
#738=DIRECTION('',(0.0,-1.0,0.0));
#739=DIRECTION('',(0.0,0.0,-1.0));
#740=ORIENTED_EDGE('',*,*,#1446,.T.);
#741=ORIENTED_EDGE('',*,*,#1506,.F.);
#742=ORIENTED_EDGE('',*,*,#1507,.F.);
#743=ORIENTED_EDGE('',*,*,#1504,.F.);
#744=CARTESIAN_POINT('',(0.0,0.565,-6.6));
#745=DIRECTION('',(0.0,1.0,-0.0));
#746=DIRECTION('',(-1.0,0.0,0.0));
#747=ORIENTED_EDGE('',*,*,#1442,.T.);
#748=ORIENTED_EDGE('',*,*,#1508,.F.);
#749=ORIENTED_EDGE('',*,*,#1509,.F.);
#750=ORIENTED_EDGE('',*,*,#1502,.F.);
#751=CARTESIAN_POINT('',(0.0,0.565,-6.6));
#752=DIRECTION('',(0.0,1.0,-0.0));
#753=DIRECTION('',(1.0,0.0,1.01064309961486E-15));
#754=ORIENTED_EDGE('',*,*,#1510,.T.);
#755=ORIENTED_EDGE('',*,*,#1511,.F.);
#756=ORIENTED_EDGE('',*,*,#1448,.F.);
#757=ORIENTED_EDGE('',*,*,#1505,.F.);
#758=ORIENTED_EDGE('',*,*,#1507,.T.);
#759=ORIENTED_EDGE('',*,*,#1512,.F.);
#760=ORIENTED_EDGE('',*,*,#1513,.F.);
#761=ORIENTED_EDGE('',*,*,#1514,.T.);
#762=CARTESIAN_POINT('',(-0.75,-2.9,-5.018861169916));
#763=DIRECTION('',(-1.0,0.0,0.0));
#764=DIRECTION('',(0.0,0.0,1.0));
#765=ORIENTED_EDGE('',*,*,#1440,.F.);
#766=ORIENTED_EDGE('',*,*,#1515,.T.);
#767=ORIENTED_EDGE('',*,*,#1516,.T.);
#768=ORIENTED_EDGE('',*,*,#1517,.F.);
#769=CARTESIAN_POINT('',(5.76,-1.93,-7.899038105677));
#770=DIRECTION('',(0.0,0.492585650785899,0.870263969517199));
#771=DIRECTION('',(1.0,-0.0,0.0));
#772=ORIENTED_EDGE('',*,*,#1518,.F.);
#773=ORIENTED_EDGE('',*,*,#1519,.F.);
#774=ORIENTED_EDGE('',*,*,#1510,.F.);
#775=ORIENTED_EDGE('',*,*,#1520,.T.);
#776=CARTESIAN_POINT('',(5.76,-1.93,-7.899038105677));
#777=DIRECTION('',(0.0,0.492585650785899,0.870263969517199));
#778=DIRECTION('',(1.0,-0.0,0.0));
#779=ORIENTED_EDGE('',*,*,#1438,.T.);
#780=ORIENTED_EDGE('',*,*,#1429,.T.);
#781=ORIENTED_EDGE('',*,*,#1521,.F.);
#782=ORIENTED_EDGE('',*,*,#1522,.F.);
#783=CARTESIAN_POINT('',(0.0,-2.415,-6.6));
#784=DIRECTION('',(-0.0,1.0,-0.0));
#785=DIRECTION('',(1.0,0.0,0.0));
#786=ORIENTED_EDGE('',*,*,#1434,.T.);
#787=ORIENTED_EDGE('',*,*,#1433,.T.);
#788=ORIENTED_EDGE('',*,*,#1518,.T.);
#789=ORIENTED_EDGE('',*,*,#1523,.F.);
#790=CARTESIAN_POINT('',(0.0,-2.415,-6.6));
#791=DIRECTION('',(0.0,1.0,-0.0));
#792=DIRECTION('',(-1.0,0.0,-1.0759205346363E-13));
#793=ORIENTED_EDGE('',*,*,#1514,.F.);
#794=ORIENTED_EDGE('',*,*,#1524,.T.);
#795=ORIENTED_EDGE('',*,*,#1435,.T.);
#796=ORIENTED_EDGE('',*,*,#1523,.T.);
#797=ORIENTED_EDGE('',*,*,#1520,.F.);
#798=CARTESIAN_POINT('',(0.0,-2.9,-6.6));
#799=DIRECTION('',(0.0,-1.0,0.0));
#800=DIRECTION('',(0.0,0.0,-1.0));
#801=ORIENTED_EDGE('',*,*,#1525,.T.);
#802=ORIENTED_EDGE('',*,*,#1515,.F.);
#803=ORIENTED_EDGE('',*,*,#1439,.T.);
#804=ORIENTED_EDGE('',*,*,#1522,.T.);
#805=ORIENTED_EDGE('',*,*,#1526,.T.);
#806=CARTESIAN_POINT('',(0.0,-2.9,-6.6));
#807=DIRECTION('',(0.0,-1.0,0.0));
#808=DIRECTION('',(0.0,0.0,-1.0));
#809=ORIENTED_EDGE('',*,*,#1526,.F.);
#810=ORIENTED_EDGE('',*,*,#1521,.T.);
#811=ORIENTED_EDGE('',*,*,#1527,.T.);
#812=ORIENTED_EDGE('',*,*,#1528,.F.);
#813=CARTESIAN_POINT('',(5.76,-2.9,-5.85));
#814=DIRECTION('',(0.0,0.492585650785899,-0.870263969517199));
#815=DIRECTION('',(-1.0,0.0,0.0));
#816=ORIENTED_EDGE('',*,*,#1524,.F.);
#817=ORIENTED_EDGE('',*,*,#1513,.T.);
#818=ORIENTED_EDGE('',*,*,#1529,.T.);
#819=ORIENTED_EDGE('',*,*,#1436,.T.);
#820=CARTESIAN_POINT('',(5.76,-2.9,-5.85));
#821=DIRECTION('',(0.0,0.492585650785899,-0.870263969517199));
#822=DIRECTION('',(-1.0,0.0,0.0));
#823=ORIENTED_EDGE('',*,*,#1516,.F.);
#824=ORIENTED_EDGE('',*,*,#1525,.F.);
#825=ORIENTED_EDGE('',*,*,#1528,.T.);
#826=ORIENTED_EDGE('',*,*,#1530,.T.);
#827=ORIENTED_EDGE('',*,*,#1444,.F.);
#828=ORIENTED_EDGE('',*,*,#1503,.F.);
#829=ORIENTED_EDGE('',*,*,#1509,.T.);
#830=ORIENTED_EDGE('',*,*,#1531,.T.);
#831=CARTESIAN_POINT('',(0.75,-2.9,-8.181138830084));
#832=DIRECTION('',(1.0,0.0,0.0));
#833=DIRECTION('',(0.0,1.0,0.0));
#834=ORIENTED_EDGE('',*,*,#1532,.F.);
#835=ORIENTED_EDGE('',*,*,#1533,.T.);
#836=ORIENTED_EDGE('',*,*,#1517,.T.);
#837=ORIENTED_EDGE('',*,*,#1531,.F.);
#838=CARTESIAN_POINT('',(5.76,-1.78,-7.899038105677));
#839=DIRECTION('',(0.0,0.0,1.0));
#840=DIRECTION('',(1.0,0.0,0.0));
#841=ORIENTED_EDGE('',*,*,#1534,.F.);
#842=ORIENTED_EDGE('',*,*,#1511,.T.);
#843=ORIENTED_EDGE('',*,*,#1519,.T.);
#844=ORIENTED_EDGE('',*,*,#1432,.F.);
#845=CARTESIAN_POINT('',(5.76,-1.78,-7.899038105677));
#846=DIRECTION('',(0.0,0.0,1.0));
#847=DIRECTION('',(1.0,0.0,0.0));
#848=ORIENTED_EDGE('',*,*,#1506,.T.);
#849=ORIENTED_EDGE('',*,*,#1449,.T.);
#850=ORIENTED_EDGE('',*,*,#1534,.T.);
#851=ORIENTED_EDGE('',*,*,#1431,.T.);
#852=ORIENTED_EDGE('',*,*,#1535,.T.);
#853=ORIENTED_EDGE('',*,*,#1536,.F.);
#854=CARTESIAN_POINT('',(0.0,-1.78,-6.6));
#855=DIRECTION('',(0.0,-1.0,0.0));
#856=DIRECTION('',(0.0,0.0,-1.0));
#857=ORIENTED_EDGE('',*,*,#1508,.T.);
#858=ORIENTED_EDGE('',*,*,#1445,.T.);
#859=ORIENTED_EDGE('',*,*,#1537,.F.);
#860=ORIENTED_EDGE('',*,*,#1427,.T.);
#861=ORIENTED_EDGE('',*,*,#1538,.T.);
#862=ORIENTED_EDGE('',*,*,#1532,.T.);
#863=CARTESIAN_POINT('',(0.0,-1.78,-6.6));
#864=DIRECTION('',(0.0,-1.0,0.0));
#865=DIRECTION('',(0.0,0.0,-1.0));
#866=ORIENTED_EDGE('',*,*,#1537,.T.);
#867=ORIENTED_EDGE('',*,*,#1530,.F.);
#868=ORIENTED_EDGE('',*,*,#1527,.F.);
#869=ORIENTED_EDGE('',*,*,#1428,.F.);
#870=CARTESIAN_POINT('',(5.76,-1.93,-5.300961894323));
#871=DIRECTION('',(0.0,0.0,-1.0));
#872=DIRECTION('',(0.0,-1.0,0.0));
#873=ORIENTED_EDGE('',*,*,#1536,.T.);
#874=ORIENTED_EDGE('',*,*,#1539,.T.);
#875=ORIENTED_EDGE('',*,*,#1529,.F.);
#876=ORIENTED_EDGE('',*,*,#1512,.T.);
#877=CARTESIAN_POINT('',(5.76,-1.93,-5.300961894323));
#878=DIRECTION('',(0.0,0.0,-1.0));
#879=DIRECTION('',(0.0,-1.0,0.0));
#880=ORIENTED_EDGE('',*,*,#1430,.T.);
#881=ORIENTED_EDGE('',*,*,#1437,.F.);
#882=ORIENTED_EDGE('',*,*,#1539,.F.);
#883=ORIENTED_EDGE('',*,*,#1535,.F.);
#884=CARTESIAN_POINT('',(0.0,0.565,-6.6));
#885=DIRECTION('',(0.0,1.0,-0.0));
#886=DIRECTION('',(-1.0,0.0,0.0));
#887=ORIENTED_EDGE('',*,*,#1426,.T.);
#888=ORIENTED_EDGE('',*,*,#1441,.F.);
#889=ORIENTED_EDGE('',*,*,#1533,.F.);
#890=ORIENTED_EDGE('',*,*,#1538,.F.);
#891=CARTESIAN_POINT('',(0.0,0.565,-6.6));
#892=DIRECTION('',(0.0,1.0,0.0));
#893=DIRECTION('',(1.0,0.0,-1.22464679914735E-16));
#894=ORIENTED_EDGE('',*,*,#1497,.T.);
#895=ORIENTED_EDGE('',*,*,#1540,.T.);
#896=ORIENTED_EDGE('',*,*,#1541,.T.);
#897=ORIENTED_EDGE('',*,*,#1542,.F.);
#898=ORIENTED_EDGE('',*,*,#1543,.F.);
#899=CARTESIAN_POINT('',(4.8,0.0,-2.0));
#900=DIRECTION('',(0.0,0.0,1.0));
#901=DIRECTION('',(1.0,0.0,0.0));
#902=ORIENTED_EDGE('',*,*,#1543,.T.);
#903=ORIENTED_EDGE('',*,*,#1544,.T.);
#904=ORIENTED_EDGE('',*,*,#1456,.F.);
#905=ORIENTED_EDGE('',*,*,#1498,.F.);
#906=CARTESIAN_POINT('',(4.5,0.7,-12.815648));
#907=DIRECTION('',(0.0,0.0,-1.0));
#908=DIRECTION('',(1.0,0.0,0.0));
#909=ORIENTED_EDGE('',*,*,#1545,.F.);
#910=ORIENTED_EDGE('',*,*,#1546,.T.);
#911=ORIENTED_EDGE('',*,*,#1457,.T.);
#912=ORIENTED_EDGE('',*,*,#1544,.F.);
#913=ORIENTED_EDGE('',*,*,#1542,.T.);
#914=ORIENTED_EDGE('',*,*,#1547,.T.);
#915=CARTESIAN_POINT('',(4.8,5.8,0.0));
#916=DIRECTION('',(1.0,0.0,0.0));
#917=DIRECTION('',(0.0,1.0,0.0));
#918=ORIENTED_EDGE('',*,*,#1489,.T.);
#919=ORIENTED_EDGE('',*,*,#1486,.T.);
#920=ORIENTED_EDGE('',*,*,#1484,.T.);
#921=ORIENTED_EDGE('',*,*,#1548,.T.);
#922=ORIENTED_EDGE('',*,*,#1545,.T.);
#923=ORIENTED_EDGE('',*,*,#1549,.T.);
#924=ORIENTED_EDGE('',*,*,#1550,.F.);
#925=ORIENTED_EDGE('',*,*,#1500,.T.);
#926=ORIENTED_EDGE('',*,*,#1551,.T.);
#927=ORIENTED_EDGE('',*,*,#1552,.T.);
#928=ORIENTED_EDGE('',*,*,#1553,.T.);
#929=ORIENTED_EDGE('',*,*,#1554,.T.);
#930=ORIENTED_EDGE('',*,*,#1555,.F.);
#931=ORIENTED_EDGE('',*,*,#1556,.F.);
#932=ORIENTED_EDGE('',*,*,#1557,.T.);
#933=ORIENTED_EDGE('',*,*,#1558,.T.);
#934=ORIENTED_EDGE('',*,*,#1559,.F.);
#935=ORIENTED_EDGE('',*,*,#1560,.F.);
#936=CARTESIAN_POINT('',(0.0,0.0,-12.8));
#937=DIRECTION('',(0.0,0.0,-1.0));
#938=DIRECTION('',(0.0,-1.0,0.0));
#939=ORIENTED_EDGE('',*,*,#1541,.F.);
#940=ORIENTED_EDGE('',*,*,#1561,.F.);
#941=ORIENTED_EDGE('',*,*,#1549,.F.);
#942=ORIENTED_EDGE('',*,*,#1547,.F.);
#943=CARTESIAN_POINT('',(0.0,0.0,0.0));
#944=DIRECTION('',(0.0,-1.0,0.0));
#945=DIRECTION('',(0.0,0.0,-1.0));
#946=ORIENTED_EDGE('',*,*,#1490,.F.);
#947=ORIENTED_EDGE('',*,*,#1552,.F.);
#948=ORIENTED_EDGE('',*,*,#1562,.F.);
#949=ORIENTED_EDGE('',*,*,#1495,.F.);
#950=CARTESIAN_POINT('',(0.0,0.0,0.0));
#951=DIRECTION('',(0.0,-1.0,0.0));
#952=DIRECTION('',(0.0,0.0,-1.0));
#953=ORIENTED_EDGE('',*,*,#1501,.F.);
#954=ORIENTED_EDGE('',*,*,#1550,.T.);
#955=ORIENTED_EDGE('',*,*,#1561,.T.);
#956=ORIENTED_EDGE('',*,*,#1540,.F.);
#957=CARTESIAN_POINT('',(3.91,0.0,-2.0));
#958=DIRECTION('',(-1.0,0.0,0.0));
#959=DIRECTION('',(0.0,0.0,1.0));
#960=ORIENTED_EDGE('',*,*,#1499,.T.);
#961=ORIENTED_EDGE('',*,*,#1496,.T.);
#962=ORIENTED_EDGE('',*,*,#1562,.T.);
#963=ORIENTED_EDGE('',*,*,#1551,.F.);
#964=CARTESIAN_POINT('',(-3.91,0.0,-12.8));
#965=DIRECTION('',(1.0,0.0,0.0));
#966=DIRECTION('',(0.0,1.0,0.0));
#967=ORIENTED_EDGE('',*,*,#1546,.F.);
#968=ORIENTED_EDGE('',*,*,#1548,.F.);
#969=ORIENTED_EDGE('',*,*,#1483,.T.);
#970=ORIENTED_EDGE('',*,*,#1458,.F.);
#971=CARTESIAN_POINT('',(4.5,5.5,-12.815648));
#972=DIRECTION('',(0.0,0.0,-1.0));
#973=DIRECTION('',(0.0,1.0,0.0));
#974=ORIENTED_EDGE('',*,*,#1563,.T.);
#975=ORIENTED_EDGE('',*,*,#1564,.F.);
#976=ORIENTED_EDGE('',*,*,#1565,.F.);
#977=ORIENTED_EDGE('',*,*,#1566,.F.);
#978=ORIENTED_EDGE('',*,*,#1553,.F.);
#979=ORIENTED_EDGE('',*,*,#1567,.F.);
#980=ORIENTED_EDGE('',*,*,#1568,.F.);
#981=ORIENTED_EDGE('',*,*,#1569,.F.);
#982=CARTESIAN_POINT('',(2.6,1.3,0.0));
#983=DIRECTION('',(-1.0,0.0,0.0));
#984=DIRECTION('',(0.0,0.0,1.0));
#985=ORIENTED_EDGE('',*,*,#1570,.T.);
#986=ORIENTED_EDGE('',*,*,#1571,.F.);
#987=ORIENTED_EDGE('',*,*,#1572,.T.);
#988=ORIENTED_EDGE('',*,*,#1573,.F.);
#989=CARTESIAN_POINT('',(2.6,1.3,0.0));
#990=DIRECTION('',(-1.0,0.0,0.0));
#991=DIRECTION('',(0.0,0.0,1.0));
#992=ORIENTED_EDGE('',*,*,#1563,.F.);
#993=ORIENTED_EDGE('',*,*,#1574,.F.);
#994=ORIENTED_EDGE('',*,*,#1575,.T.);
#995=ORIENTED_EDGE('',*,*,#1576,.T.);
#996=CARTESIAN_POINT('',(2.475,-3.0,-13.9));
#997=DIRECTION('',(0.970142500145338,-0.242535625036309,0.0));
#998=DIRECTION('',(0.0,0.0,-1.0));
#999=ORIENTED_EDGE('',*,*,#1577,.T.);
#1000=ORIENTED_EDGE('',*,*,#1576,.F.);
#1001=ORIENTED_EDGE('',*,*,#1578,.F.);
#1002=ORIENTED_EDGE('',*,*,#1579,.T.);
#1003=CARTESIAN_POINT('',(2.1,-3.0,-14.275));
#1004=DIRECTION('',(0.0,-0.242535625036309,-0.970142500145338));
#1005=DIRECTION('',(0.0,-0.970142500145338,0.242535625036309));
#1006=ORIENTED_EDGE('',*,*,#1577,.F.);
#1007=ORIENTED_EDGE('',*,*,#1580,.F.);
#1008=ORIENTED_EDGE('',*,*,#1581,.F.);
#1009=ORIENTED_EDGE('',*,*,#1564,.T.);
#1010=CARTESIAN_POINT('',(2.6,2.5,-14.4));
#1011=DIRECTION('',(0.0,0.0,-1.0));
#1012=DIRECTION('',(0.0,-1.0,0.0));
#1013=ORIENTED_EDGE('',*,*,#1565,.T.);
#1014=ORIENTED_EDGE('',*,*,#1581,.T.);
#1015=ORIENTED_EDGE('',*,*,#1582,.F.);
#1016=ORIENTED_EDGE('',*,*,#1583,.F.);
#1017=CARTESIAN_POINT('',(2.6,2.5,-13.1));
#1018=DIRECTION('',(1.0,-0.0,0.0));
#1019=DIRECTION('',(0.0,0.0,1.0));
#1020=ORIENTED_EDGE('',*,*,#1554,.F.);
#1021=ORIENTED_EDGE('',*,*,#1566,.T.);
#1022=ORIENTED_EDGE('',*,*,#1583,.T.);
#1023=ORIENTED_EDGE('',*,*,#1584,.F.);
#1024=CARTESIAN_POINT('',(2.6,3.8,-3.1));
#1025=DIRECTION('',(-0.0,1.0,0.0));
#1026=DIRECTION('',(1.0,0.0,0.0));
#1027=ORIENTED_EDGE('',*,*,#1585,.T.);
#1028=ORIENTED_EDGE('',*,*,#1573,.T.);
#1029=ORIENTED_EDGE('',*,*,#1586,.T.);
#1030=ORIENTED_EDGE('',*,*,#1587,.F.);
#1031=CARTESIAN_POINT('',(2.6,3.8,-3.1));
#1032=DIRECTION('',(-0.0,1.0,0.0));
#1033=DIRECTION('',(1.0,0.0,0.0));
#1034=ORIENTED_EDGE('',*,*,#1588,.T.);
#1035=ORIENTED_EDGE('',*,*,#1589,.T.);
#1036=ORIENTED_EDGE('',*,*,#1590,.T.);
#1037=ORIENTED_EDGE('',*,*,#1591,.T.);
#1038=ORIENTED_EDGE('',*,*,#1555,.T.);
#1039=ORIENTED_EDGE('',*,*,#1584,.T.);
#1040=ORIENTED_EDGE('',*,*,#1582,.T.);
#1041=ORIENTED_EDGE('',*,*,#1580,.T.);
#1042=CARTESIAN_POINT('',(1.6,1.3,0.0));
#1043=DIRECTION('',(-1.0,0.0,0.0));
#1044=DIRECTION('',(0.0,0.0,1.0));
#1045=ORIENTED_EDGE('',*,*,#1592,.T.);
#1046=ORIENTED_EDGE('',*,*,#1587,.T.);
#1047=ORIENTED_EDGE('',*,*,#1593,.F.);
#1048=ORIENTED_EDGE('',*,*,#1594,.T.);
#1049=CARTESIAN_POINT('',(1.6,1.3,0.0));
#1050=DIRECTION('',(-1.0,0.0,0.0));
#1051=DIRECTION('',(0.0,0.0,1.0));
#1052=ORIENTED_EDGE('',*,*,#1595,.T.);
#1053=ORIENTED_EDGE('',*,*,#1596,.F.);
#1054=ORIENTED_EDGE('',*,*,#1588,.F.);
#1055=ORIENTED_EDGE('',*,*,#1579,.F.);
#1056=CARTESIAN_POINT('',(1.725,-3.0,-13.9));
#1057=DIRECTION('',(-0.970142500145338,-0.242535625036309,0.0));
#1058=DIRECTION('',(-0.242535625036309,0.970142500145338,0.0));
#1059=ORIENTED_EDGE('',*,*,#1597,.F.);
#1060=ORIENTED_EDGE('',*,*,#1595,.F.);
#1061=ORIENTED_EDGE('',*,*,#1578,.T.);
#1062=ORIENTED_EDGE('',*,*,#1575,.F.);
#1063=CARTESIAN_POINT('',(2.6,-3.5,-14.4));
#1064=DIRECTION('',(0.0,-1.0,0.0));
#1065=DIRECTION('',(0.0,0.0,-1.0));
#1066=ORIENTED_EDGE('',*,*,#1598,.F.);
#1067=ORIENTED_EDGE('',*,*,#1596,.T.);
#1068=ORIENTED_EDGE('',*,*,#1597,.T.);
#1069=ORIENTED_EDGE('',*,*,#1574,.T.);
#1070=CARTESIAN_POINT('',(2.1,-3.0,-13.525));
#1071=DIRECTION('',(0.0,-0.242535625036309,0.970142500145338));
#1072=DIRECTION('',(-1.0,0.0,0.0));
#1073=ORIENTED_EDGE('',*,*,#1598,.T.);
#1074=ORIENTED_EDGE('',*,*,#1569,.T.);
#1075=ORIENTED_EDGE('',*,*,#1599,.T.);
#1076=ORIENTED_EDGE('',*,*,#1589,.F.);
#1077=CARTESIAN_POINT('',(2.6,-3.5,-13.4));
#1078=DIRECTION('',(0.0,0.0,1.0));
#1079=DIRECTION('',(1.0,0.0,0.0));
#1080=ORIENTED_EDGE('',*,*,#1568,.T.);
#1081=ORIENTED_EDGE('',*,*,#1600,.T.);
#1082=ORIENTED_EDGE('',*,*,#1590,.F.);
#1083=ORIENTED_EDGE('',*,*,#1599,.F.);
#1084=CARTESIAN_POINT('',(2.6,2.5,-13.1));
#1085=DIRECTION('',(1.0,-0.0,0.0));
#1086=DIRECTION('',(0.0,0.0,1.0));
#1087=ORIENTED_EDGE('',*,*,#1556,.T.);
#1088=ORIENTED_EDGE('',*,*,#1591,.F.);
#1089=ORIENTED_EDGE('',*,*,#1600,.F.);
#1090=ORIENTED_EDGE('',*,*,#1567,.T.);
#1091=CARTESIAN_POINT('',(2.6,2.8,-13.1));
#1092=DIRECTION('',(0.0,-1.0,0.0));
#1093=DIRECTION('',(0.0,0.0,-1.0));
#1094=ORIENTED_EDGE('',*,*,#1601,.F.);
#1095=ORIENTED_EDGE('',*,*,#1594,.F.);
#1096=ORIENTED_EDGE('',*,*,#1602,.F.);
#1097=ORIENTED_EDGE('',*,*,#1571,.T.);
#1098=CARTESIAN_POINT('',(2.6,2.8,-13.1));
#1099=DIRECTION('',(0.0,-1.0,0.0));
#1100=DIRECTION('',(0.0,0.0,-1.0));
#1101=ORIENTED_EDGE('',*,*,#1601,.T.);
#1102=ORIENTED_EDGE('',*,*,#1603,.F.);
#1103=ORIENTED_EDGE('',*,*,#1604,.F.);
#1104=ORIENTED_EDGE('',*,*,#1605,.T.);
#1105=CARTESIAN_POINT('',(2.1,2.925,-3.6));
#1106=DIRECTION('',(0.0,-0.970142500145338,0.242535625036309));
#1107=DIRECTION('',(-1.0,0.0,0.0));
#1108=ORIENTED_EDGE('',*,*,#1606,.T.);
#1109=ORIENTED_EDGE('',*,*,#1607,.T.);
#1110=ORIENTED_EDGE('',*,*,#1592,.F.);
#1111=ORIENTED_EDGE('',*,*,#1605,.F.);
#1112=CARTESIAN_POINT('',(1.725,3.3,-3.6));
#1113=DIRECTION('',(-0.970142500145338,0.0,0.242535625036309));
#1114=DIRECTION('',(0.0,1.0,0.0));
#1115=ORIENTED_EDGE('',*,*,#1608,.F.);
#1116=ORIENTED_EDGE('',*,*,#1606,.F.);
#1117=ORIENTED_EDGE('',*,*,#1604,.T.);
#1118=ORIENTED_EDGE('',*,*,#1609,.F.);
#1119=CARTESIAN_POINT('',(2.6,2.8,-3.1));
#1120=DIRECTION('',(0.0,0.0,1.0));
#1121=DIRECTION('',(1.0,0.0,0.0));
#1122=ORIENTED_EDGE('',*,*,#1585,.F.);
#1123=ORIENTED_EDGE('',*,*,#1607,.F.);
#1124=ORIENTED_EDGE('',*,*,#1608,.T.);
#1125=ORIENTED_EDGE('',*,*,#1610,.T.);
#1126=CARTESIAN_POINT('',(2.1,3.675,-3.6));
#1127=DIRECTION('',(0.0,0.970142500145338,0.242535625036309));
#1128=DIRECTION('',(1.0,0.0,-0.0));
#1129=ORIENTED_EDGE('',*,*,#1570,.F.);
#1130=ORIENTED_EDGE('',*,*,#1610,.F.);
#1131=ORIENTED_EDGE('',*,*,#1609,.T.);
#1132=ORIENTED_EDGE('',*,*,#1603,.T.);
#1133=CARTESIAN_POINT('',(2.475,3.3,-3.6));
#1134=DIRECTION('',(0.970142500145338,0.0,0.242535625036309));
#1135=DIRECTION('',(0.0,-1.0,0.0));
#1136=ORIENTED_EDGE('',*,*,#1611,.F.);
#1137=ORIENTED_EDGE('',*,*,#1612,.T.);
#1138=ORIENTED_EDGE('',*,*,#1613,.F.);
#1139=ORIENTED_EDGE('',*,*,#1614,.T.);
#1140=ORIENTED_EDGE('',*,*,#1615,.T.);
#1141=ORIENTED_EDGE('',*,*,#1616,.T.);
#1142=ORIENTED_EDGE('',*,*,#1572,.F.);
#1143=ORIENTED_EDGE('',*,*,#1602,.T.);
#1144=ORIENTED_EDGE('',*,*,#1593,.T.);
#1145=ORIENTED_EDGE('',*,*,#1586,.F.);
#1146=CARTESIAN_POINT('',(0.0,0.0,-9.1));
#1147=DIRECTION('',(0.0,0.0,1.0));
#1148=DIRECTION('',(1.0,0.0,0.0));
#1149=ORIENTED_EDGE('',*,*,#1611,.T.);
#1150=ORIENTED_EDGE('',*,*,#1617,.T.);
#1151=ORIENTED_EDGE('',*,*,#1467,.F.);
#1152=ORIENTED_EDGE('',*,*,#1618,.F.);
#1153=CARTESIAN_POINT('',(1.195,1.3,0.0));
#1154=DIRECTION('',(0.707106781186548,0.707106781186548,0.0));
#1155=DIRECTION('',(0.0,0.0,-1.0));
#1156=ORIENTED_EDGE('',*,*,#1618,.T.);
#1157=ORIENTED_EDGE('',*,*,#1466,.T.);
#1158=ORIENTED_EDGE('',*,*,#1619,.F.);
#1159=ORIENTED_EDGE('',*,*,#1612,.F.);
#1160=CARTESIAN_POINT('',(0.2,1.3,0.0));
#1161=DIRECTION('',(0.0,-1.0,0.0));
#1162=DIRECTION('',(0.0,0.0,-1.0));
#1163=ORIENTED_EDGE('',*,*,#1613,.T.);
#1164=ORIENTED_EDGE('',*,*,#1619,.T.);
#1165=ORIENTED_EDGE('',*,*,#1471,.F.);
#1166=ORIENTED_EDGE('',*,*,#1620,.F.);
#1167=CARTESIAN_POINT('',(4.0,2.295,0.0));
#1168=DIRECTION('',(-0.707106781186548,0.707106781186548,0.0));
#1169=DIRECTION('',(0.0,0.0,1.0));
#1170=ORIENTED_EDGE('',*,*,#1620,.T.);
#1171=ORIENTED_EDGE('',*,*,#1470,.T.);
#1172=ORIENTED_EDGE('',*,*,#1621,.T.);
#1173=ORIENTED_EDGE('',*,*,#1614,.F.);
#1174=CARTESIAN_POINT('',(4.0,1.3,0.0));
#1175=DIRECTION('',(1.0,0.0,0.0));
#1176=DIRECTION('',(0.0,1.0,0.0));
#1177=ORIENTED_EDGE('',*,*,#1469,.T.);
#1178=ORIENTED_EDGE('',*,*,#1622,.T.);
#1179=ORIENTED_EDGE('',*,*,#1615,.F.);
#1180=ORIENTED_EDGE('',*,*,#1621,.F.);
#1181=CARTESIAN_POINT('',(4.0,5.2,0.0));
#1182=DIRECTION('',(-0.0,1.0,0.0));
#1183=DIRECTION('',(1.0,0.0,0.0));
#1184=ORIENTED_EDGE('',*,*,#1617,.F.);
#1185=ORIENTED_EDGE('',*,*,#1616,.F.);
#1186=ORIENTED_EDGE('',*,*,#1622,.F.);
#1187=ORIENTED_EDGE('',*,*,#1468,.T.);
#1188=CARTESIAN_POINT('',(0.2,5.2,0.0));
#1189=DIRECTION('',(-1.0,0.0,0.0));
#1190=DIRECTION('',(0.0,0.0,1.0));
#1191=ORIENTED_EDGE('',*,*,#1623,.T.);
#1192=ORIENTED_EDGE('',*,*,#1624,.F.);
#1193=ORIENTED_EDGE('',*,*,#1625,.F.);
#1194=ORIENTED_EDGE('',*,*,#1626,.F.);
#1195=ORIENTED_EDGE('',*,*,#1557,.F.);
#1196=ORIENTED_EDGE('',*,*,#1627,.F.);
#1197=ORIENTED_EDGE('',*,*,#1628,.F.);
#1198=ORIENTED_EDGE('',*,*,#1629,.F.);
#1199=CARTESIAN_POINT('',(-1.6,1.3,0.0));
#1200=DIRECTION('',(-1.0,0.0,0.0));
#1201=DIRECTION('',(0.0,0.0,1.0));
#1202=ORIENTED_EDGE('',*,*,#1630,.T.);
#1203=ORIENTED_EDGE('',*,*,#1631,.F.);
#1204=ORIENTED_EDGE('',*,*,#1632,.T.);
#1205=ORIENTED_EDGE('',*,*,#1633,.F.);
#1206=CARTESIAN_POINT('',(-1.6,1.3,0.0));
#1207=DIRECTION('',(-1.0,0.0,0.0));
#1208=DIRECTION('',(0.0,0.0,1.0));
#1209=ORIENTED_EDGE('',*,*,#1623,.F.);
#1210=ORIENTED_EDGE('',*,*,#1634,.F.);
#1211=ORIENTED_EDGE('',*,*,#1635,.T.);
#1212=ORIENTED_EDGE('',*,*,#1636,.T.);
#1213=CARTESIAN_POINT('',(-1.725,-3.0,-13.9));
#1214=DIRECTION('',(0.970142500145338,-0.242535625036309,0.0));
#1215=DIRECTION('',(0.0,0.0,-1.0));
#1216=ORIENTED_EDGE('',*,*,#1637,.T.);
#1217=ORIENTED_EDGE('',*,*,#1636,.F.);
#1218=ORIENTED_EDGE('',*,*,#1638,.F.);
#1219=ORIENTED_EDGE('',*,*,#1639,.T.);
#1220=CARTESIAN_POINT('',(-2.1,-3.0,-14.275));
#1221=DIRECTION('',(0.0,-0.242535625036309,-0.970142500145338));
#1222=DIRECTION('',(0.0,-0.970142500145338,0.242535625036309));
#1223=ORIENTED_EDGE('',*,*,#1637,.F.);
#1224=ORIENTED_EDGE('',*,*,#1640,.F.);
#1225=ORIENTED_EDGE('',*,*,#1641,.F.);
#1226=ORIENTED_EDGE('',*,*,#1624,.T.);
#1227=CARTESIAN_POINT('',(-1.6,2.5,-14.4));
#1228=DIRECTION('',(0.0,0.0,-1.0));
#1229=DIRECTION('',(0.0,-1.0,0.0));
#1230=ORIENTED_EDGE('',*,*,#1625,.T.);
#1231=ORIENTED_EDGE('',*,*,#1641,.T.);
#1232=ORIENTED_EDGE('',*,*,#1642,.F.);
#1233=ORIENTED_EDGE('',*,*,#1643,.F.);
#1234=CARTESIAN_POINT('',(-1.6,2.5,-13.1));
#1235=DIRECTION('',(1.0,-0.0,0.0));
#1236=DIRECTION('',(0.0,0.0,1.0));
#1237=ORIENTED_EDGE('',*,*,#1558,.F.);
#1238=ORIENTED_EDGE('',*,*,#1626,.T.);
#1239=ORIENTED_EDGE('',*,*,#1643,.T.);
#1240=ORIENTED_EDGE('',*,*,#1644,.F.);
#1241=CARTESIAN_POINT('',(-1.6,3.8,-3.1));
#1242=DIRECTION('',(-0.0,1.0,0.0));
#1243=DIRECTION('',(1.0,0.0,0.0));
#1244=ORIENTED_EDGE('',*,*,#1645,.T.);
#1245=ORIENTED_EDGE('',*,*,#1633,.T.);
#1246=ORIENTED_EDGE('',*,*,#1646,.T.);
#1247=ORIENTED_EDGE('',*,*,#1647,.F.);
#1248=CARTESIAN_POINT('',(-1.6,3.8,-3.1));
#1249=DIRECTION('',(-0.0,1.0,0.0));
#1250=DIRECTION('',(1.0,0.0,0.0));
#1251=ORIENTED_EDGE('',*,*,#1648,.T.);
#1252=ORIENTED_EDGE('',*,*,#1649,.T.);
#1253=ORIENTED_EDGE('',*,*,#1650,.T.);
#1254=ORIENTED_EDGE('',*,*,#1651,.T.);
#1255=ORIENTED_EDGE('',*,*,#1559,.T.);
#1256=ORIENTED_EDGE('',*,*,#1644,.T.);
#1257=ORIENTED_EDGE('',*,*,#1642,.T.);
#1258=ORIENTED_EDGE('',*,*,#1640,.T.);
#1259=CARTESIAN_POINT('',(-2.6,1.3,0.0));
#1260=DIRECTION('',(-1.0,0.0,0.0));
#1261=DIRECTION('',(0.0,0.0,1.0));
#1262=ORIENTED_EDGE('',*,*,#1652,.T.);
#1263=ORIENTED_EDGE('',*,*,#1647,.T.);
#1264=ORIENTED_EDGE('',*,*,#1653,.F.);
#1265=ORIENTED_EDGE('',*,*,#1654,.T.);
#1266=CARTESIAN_POINT('',(-2.6,1.3,0.0));
#1267=DIRECTION('',(-1.0,0.0,0.0));
#1268=DIRECTION('',(0.0,0.0,1.0));
#1269=ORIENTED_EDGE('',*,*,#1655,.T.);
#1270=ORIENTED_EDGE('',*,*,#1656,.F.);
#1271=ORIENTED_EDGE('',*,*,#1648,.F.);
#1272=ORIENTED_EDGE('',*,*,#1639,.F.);
#1273=CARTESIAN_POINT('',(-2.475,-3.0,-13.9));
#1274=DIRECTION('',(-0.970142500145338,-0.242535625036309,0.0));
#1275=DIRECTION('',(-0.242535625036309,0.970142500145338,0.0));
#1276=ORIENTED_EDGE('',*,*,#1657,.F.);
#1277=ORIENTED_EDGE('',*,*,#1655,.F.);
#1278=ORIENTED_EDGE('',*,*,#1638,.T.);
#1279=ORIENTED_EDGE('',*,*,#1635,.F.);
#1280=CARTESIAN_POINT('',(-1.6,-3.5,-14.4));
#1281=DIRECTION('',(0.0,-1.0,0.0));
#1282=DIRECTION('',(0.0,0.0,-1.0));
#1283=ORIENTED_EDGE('',*,*,#1658,.F.);
#1284=ORIENTED_EDGE('',*,*,#1656,.T.);
#1285=ORIENTED_EDGE('',*,*,#1657,.T.);
#1286=ORIENTED_EDGE('',*,*,#1634,.T.);
#1287=CARTESIAN_POINT('',(-2.1,-3.0,-13.525));
#1288=DIRECTION('',(0.0,-0.242535625036309,0.970142500145338));
#1289=DIRECTION('',(-1.0,0.0,0.0));
#1290=ORIENTED_EDGE('',*,*,#1658,.T.);
#1291=ORIENTED_EDGE('',*,*,#1629,.T.);
#1292=ORIENTED_EDGE('',*,*,#1659,.T.);
#1293=ORIENTED_EDGE('',*,*,#1649,.F.);
#1294=CARTESIAN_POINT('',(-1.6,-3.5,-13.4));
#1295=DIRECTION('',(0.0,0.0,1.0));
#1296=DIRECTION('',(1.0,0.0,0.0));
#1297=ORIENTED_EDGE('',*,*,#1628,.T.);
#1298=ORIENTED_EDGE('',*,*,#1660,.T.);
#1299=ORIENTED_EDGE('',*,*,#1650,.F.);
#1300=ORIENTED_EDGE('',*,*,#1659,.F.);
#1301=CARTESIAN_POINT('',(-1.6,2.5,-13.1));
#1302=DIRECTION('',(1.0,-0.0,0.0));
#1303=DIRECTION('',(0.0,0.0,1.0));
#1304=ORIENTED_EDGE('',*,*,#1560,.T.);
#1305=ORIENTED_EDGE('',*,*,#1651,.F.);
#1306=ORIENTED_EDGE('',*,*,#1660,.F.);
#1307=ORIENTED_EDGE('',*,*,#1627,.T.);
#1308=CARTESIAN_POINT('',(-1.6,2.8,-13.1));
#1309=DIRECTION('',(0.0,-1.0,0.0));
#1310=DIRECTION('',(0.0,0.0,-1.0));
#1311=ORIENTED_EDGE('',*,*,#1661,.F.);
#1312=ORIENTED_EDGE('',*,*,#1654,.F.);
#1313=ORIENTED_EDGE('',*,*,#1662,.F.);
#1314=ORIENTED_EDGE('',*,*,#1631,.T.);
#1315=CARTESIAN_POINT('',(-1.6,2.8,-13.1));
#1316=DIRECTION('',(0.0,-1.0,0.0));
#1317=DIRECTION('',(0.0,0.0,-1.0));
#1318=ORIENTED_EDGE('',*,*,#1661,.T.);
#1319=ORIENTED_EDGE('',*,*,#1663,.F.);
#1320=ORIENTED_EDGE('',*,*,#1664,.F.);
#1321=ORIENTED_EDGE('',*,*,#1665,.T.);
#1322=CARTESIAN_POINT('',(-2.1,2.925,-3.6));
#1323=DIRECTION('',(0.0,-0.970142500145338,0.242535625036309));
#1324=DIRECTION('',(-1.0,0.0,0.0));
#1325=ORIENTED_EDGE('',*,*,#1666,.T.);
#1326=ORIENTED_EDGE('',*,*,#1667,.T.);
#1327=ORIENTED_EDGE('',*,*,#1652,.F.);
#1328=ORIENTED_EDGE('',*,*,#1665,.F.);
#1329=CARTESIAN_POINT('',(-2.475,3.3,-3.6));
#1330=DIRECTION('',(-0.970142500145338,0.0,0.242535625036309));
#1331=DIRECTION('',(0.0,1.0,0.0));
#1332=ORIENTED_EDGE('',*,*,#1668,.F.);
#1333=ORIENTED_EDGE('',*,*,#1666,.F.);
#1334=ORIENTED_EDGE('',*,*,#1664,.T.);
#1335=ORIENTED_EDGE('',*,*,#1669,.F.);
#1336=CARTESIAN_POINT('',(-1.6,2.8,-3.1));
#1337=DIRECTION('',(0.0,0.0,1.0));
#1338=DIRECTION('',(1.0,0.0,0.0));
#1339=ORIENTED_EDGE('',*,*,#1645,.F.);
#1340=ORIENTED_EDGE('',*,*,#1667,.F.);
#1341=ORIENTED_EDGE('',*,*,#1668,.T.);
#1342=ORIENTED_EDGE('',*,*,#1670,.T.);
#1343=CARTESIAN_POINT('',(-2.1,3.675,-3.6));
#1344=DIRECTION('',(0.0,0.970142500145338,0.242535625036309));
#1345=DIRECTION('',(1.0,0.0,-0.0));
#1346=ORIENTED_EDGE('',*,*,#1630,.F.);
#1347=ORIENTED_EDGE('',*,*,#1670,.F.);
#1348=ORIENTED_EDGE('',*,*,#1669,.T.);
#1349=ORIENTED_EDGE('',*,*,#1663,.T.);
#1350=CARTESIAN_POINT('',(-1.725,3.3,-3.6));
#1351=DIRECTION('',(0.970142500145338,0.0,0.242535625036309));
#1352=DIRECTION('',(0.0,-1.0,0.0));
#1353=ORIENTED_EDGE('',*,*,#1671,.T.);
#1354=ORIENTED_EDGE('',*,*,#1672,.T.);
#1355=ORIENTED_EDGE('',*,*,#1673,.T.);
#1356=ORIENTED_EDGE('',*,*,#1674,.T.);
#1357=ORIENTED_EDGE('',*,*,#1632,.F.);
#1358=ORIENTED_EDGE('',*,*,#1662,.T.);
#1359=ORIENTED_EDGE('',*,*,#1653,.T.);
#1360=ORIENTED_EDGE('',*,*,#1646,.F.);
#1361=CARTESIAN_POINT('',(0.0,0.0,-9.1));
#1362=DIRECTION('',(0.0,0.0,1.0));
#1363=DIRECTION('',(1.0,0.0,0.0));
#1364=ORIENTED_EDGE('',*,*,#1462,.T.);
#1365=ORIENTED_EDGE('',*,*,#1675,.T.);
#1366=ORIENTED_EDGE('',*,*,#1671,.F.);
#1367=ORIENTED_EDGE('',*,*,#1676,.F.);
#1368=CARTESIAN_POINT('',(-4.0,5.2,0.0));
#1369=DIRECTION('',(-1.0,0.0,0.0));
#1370=DIRECTION('',(0.0,0.0,1.0));
#1371=ORIENTED_EDGE('',*,*,#1463,.T.);
#1372=ORIENTED_EDGE('',*,*,#1676,.T.);
#1373=ORIENTED_EDGE('',*,*,#1674,.F.);
#1374=ORIENTED_EDGE('',*,*,#1677,.F.);
#1375=CARTESIAN_POINT('',(-0.2,5.2,0.0));
#1376=DIRECTION('',(-0.0,1.0,0.0));
#1377=DIRECTION('',(1.0,0.0,0.0));
#1378=ORIENTED_EDGE('',*,*,#1464,.T.);
#1379=ORIENTED_EDGE('',*,*,#1677,.T.);
#1380=ORIENTED_EDGE('',*,*,#1673,.F.);
#1381=ORIENTED_EDGE('',*,*,#1678,.F.);
#1382=CARTESIAN_POINT('',(-0.2,1.3,0.0));
#1383=DIRECTION('',(1.0,0.0,0.0));
#1384=DIRECTION('',(0.0,1.0,0.0));
#1385=ORIENTED_EDGE('',*,*,#1465,.T.);
#1386=ORIENTED_EDGE('',*,*,#1678,.T.);
#1387=ORIENTED_EDGE('',*,*,#1672,.F.);
#1388=ORIENTED_EDGE('',*,*,#1675,.F.);
#1389=CARTESIAN_POINT('',(-4.0,1.3,0.0));
#1390=DIRECTION('',(0.0,-1.0,0.0));
#1391=DIRECTION('',(0.0,0.0,-1.0));
#1392=ORIENTED_EDGE('',*,*,#1460,.T.);
#1393=ORIENTED_EDGE('',*,*,#1482,.T.);
#1394=ORIENTED_EDGE('',*,*,#1679,.F.);
#1395=ORIENTED_EDGE('',*,*,#1480,.F.);
#1396=CARTESIAN_POINT('',(2.6,5.8,0.0));
#1397=DIRECTION('',(0.0,0.0,1.0));
#1398=DIRECTION('',(-1.0,0.0,0.0));
#1399=ORIENTED_EDGE('',*,*,#1679,.T.);
#1400=ORIENTED_EDGE('',*,*,#1481,.T.);
#1401=CARTESIAN_POINT('',(0.0,0.0,-6.3));
#1402=DIRECTION('',(0.0,0.0,-1.0));
#1403=DIRECTION('',(0.0,-1.0,0.0));
#1404=ORIENTED_EDGE('',*,*,#1479,.T.);
#1405=ORIENTED_EDGE('',*,*,#1680,.T.);
#1406=ORIENTED_EDGE('',*,*,#1681,.T.);
#1407=ORIENTED_EDGE('',*,*,#1472,.T.);
#1408=CARTESIAN_POINT('',(2.0,0.0,0.0));
#1409=DIRECTION('',(1.0,0.0,0.0));
#1410=DIRECTION('',(0.0,1.0,0.0));
#1411=ORIENTED_EDGE('',*,*,#1476,.T.);
#1412=ORIENTED_EDGE('',*,*,#1473,.T.);
#1413=ORIENTED_EDGE('',*,*,#1681,.F.);
#1414=ORIENTED_EDGE('',*,*,#1682,.F.);
#1415=CARTESIAN_POINT('',(-2.0,7.2,-3.122484128936));
#1416=DIRECTION('',(-0.0,1.0,0.0));
#1417=DIRECTION('',(1.0,0.0,0.0));
#1418=ORIENTED_EDGE('',*,*,#1478,.F.);
#1419=ORIENTED_EDGE('',*,*,#1477,.T.);
#1420=ORIENTED_EDGE('',*,*,#1682,.T.);
#1421=ORIENTED_EDGE('',*,*,#1680,.F.);
#1422=CARTESIAN_POINT('',(-2.0,5.8,-3.0));
#1423=DIRECTION('',(0.0,-0.087155742747664,-0.996194698091745));
#1424=DIRECTION('',(0.0,-0.996194698091745,0.087155742747664));
#1425=COLOUR_RGB('',0.749019622802734,0.749019622802734,0.749019622802734);
#1426=EDGE_CURVE('',#1683,#1684,#1685,.T.);
#1427=EDGE_CURVE('',#1686,#1683,#1687,.T.);
#1428=EDGE_CURVE('',#1686,#1688,#1689,.T.);
#1429=EDGE_CURVE('',#1684,#1688,#1690,.T.);
#1430=EDGE_CURVE('',#1691,#1692,#1693,.T.);
#1431=EDGE_CURVE('',#1694,#1691,#1695,.T.);
#1432=EDGE_CURVE('',#1694,#1696,#1697,.T.);
#1433=EDGE_CURVE('',#1692,#1696,#1698,.T.);
#1434=EDGE_CURVE('',#1699,#1692,#1700,.T.);
#1435=EDGE_CURVE('',#1701,#1699,#1702,.T.);
#1436=EDGE_CURVE('',#1703,#1701,#1704,.T.);
#1437=EDGE_CURVE('',#1703,#1692,#1705,.T.);
#1438=EDGE_CURVE('',#1706,#1684,#1707,.T.);
#1439=EDGE_CURVE('',#1708,#1706,#1709,.T.);
#1440=EDGE_CURVE('',#1708,#1710,#1711,.T.);
#1441=EDGE_CURVE('',#1710,#1684,#1712,.T.);
#1442=EDGE_CURVE('',#1713,#1714,#1715,.T.);
#1443=EDGE_CURVE('',#1716,#1713,#1717,.T.);
#1444=EDGE_CURVE('',#1716,#1718,#1719,.T.);
#1445=EDGE_CURVE('',#1714,#1718,#1720,.T.);
#1446=EDGE_CURVE('',#1721,#1722,#1723,.T.);
#1447=EDGE_CURVE('',#1724,#1721,#1725,.T.);
#1448=EDGE_CURVE('',#1724,#1726,#1727,.T.);
#1449=EDGE_CURVE('',#1722,#1726,#1728,.T.);
#1450=EDGE_CURVE('',#1729,#1730,#1731,.T.);
#1451=EDGE_CURVE('',#1732,#1729,#1733,.T.);
#1452=EDGE_CURVE('',#1732,#1734,#1735,.T.);
#1453=EDGE_CURVE('',#1736,#1734,#1737,.T.);
#1454=EDGE_CURVE('',#1736,#1738,#1739,.T.);
#1455=EDGE_CURVE('',#1740,#1738,#1741,.T.);
#1456=EDGE_CURVE('',#1740,#1742,#1743,.T.);
#1457=EDGE_CURVE('',#1744,#1742,#1745,.T.);
#1458=EDGE_CURVE('',#1744,#1746,#1747,.T.);
#1459=EDGE_CURVE('',#1748,#1746,#1749,.T.);
#1460=EDGE_CURVE('',#1750,#1748,#1751,.T.);
#1461=EDGE_CURVE('',#1730,#1750,#1752,.T.);
#1462=EDGE_CURVE('',#1753,#1754,#1755,.T.);
#1463=EDGE_CURVE('',#1756,#1753,#1757,.T.);
#1464=EDGE_CURVE('',#1758,#1756,#1759,.T.);
#1465=EDGE_CURVE('',#1754,#1758,#1760,.T.);
#1466=EDGE_CURVE('',#1761,#1762,#1763,.T.);
#1467=EDGE_CURVE('',#1761,#1764,#1765,.T.);
#1468=EDGE_CURVE('',#1766,#1764,#1767,.T.);
#1469=EDGE_CURVE('',#1768,#1766,#1769,.T.);
#1470=EDGE_CURVE('',#1770,#1768,#1771,.T.);
#1471=EDGE_CURVE('',#1770,#1762,#1772,.T.);
#1472=EDGE_CURVE('',#1773,#1730,#1774,.T.);
#1473=EDGE_CURVE('',#1775,#1773,#1776,.T.);
#1474=EDGE_CURVE('',#1775,#1729,#1777,.T.);
#1475=EDGE_CURVE('',#1729,#1778,#1779,.T.);
#1476=EDGE_CURVE('',#1780,#1775,#1781,.T.);
#1477=EDGE_CURVE('',#1778,#1780,#1782,.T.);
#1478=EDGE_CURVE('',#1778,#1783,#1784,.T.);
#1479=EDGE_CURVE('',#1730,#1783,#1785,.T.);
#1480=EDGE_CURVE('',#1750,#1786,#1787,.T.);
#1481=EDGE_CURVE('',#1788,#1786,#1789,.T.);
#1482=EDGE_CURVE('',#1748,#1788,#1790,.T.);
#1483=EDGE_CURVE('',#1791,#1746,#1792,.T.);
#1484=EDGE_CURVE('',#1793,#1791,#1794,.T.);
#1485=EDGE_CURVE('',#1793,#1732,#1795,.T.);
#1486=EDGE_CURVE('',#1796,#1793,#1797,.T.);
#1487=EDGE_CURVE('',#1796,#1734,#1798,.T.);
#1488=EDGE_CURVE('',#1799,#1736,#1800,.T.);
#1489=EDGE_CURVE('',#1801,#1796,#1802,.T.);
#1490=EDGE_CURVE('',#1801,#1803,#1804,.T.);
#1491=EDGE_CURVE('',#1803,#1799,#1805,.T.);
#1492=EDGE_CURVE('',#1799,#1806,#1807,.T.);
#1493=EDGE_CURVE('',#1806,#1738,#1808,.T.);
#1494=EDGE_CURVE('',#1809,#1806,#1810,.T.);
#1495=EDGE_CURVE('',#1803,#1811,#1812,.T.);
#1496=EDGE_CURVE('',#1809,#1811,#1813,.T.);
#1497=EDGE_CURVE('',#1814,#1815,#1816,.T.);
#1498=EDGE_CURVE('',#1814,#1740,#1817,.T.);
#1499=EDGE_CURVE('',#1818,#1809,#1819,.T.);
#1500=EDGE_CURVE('',#1820,#1818,#1821,.T.);
#1501=EDGE_CURVE('',#1820,#1815,#1822,.T.);
#1502=EDGE_CURVE('',#1713,#1823,#1824,.T.);
#1503=EDGE_CURVE('',#1823,#1716,#1825,.T.);
#1504=EDGE_CURVE('',#1721,#1826,#1827,.T.);
#1505=EDGE_CURVE('',#1826,#1724,#1828,.T.);
#1506=EDGE_CURVE('',#1829,#1722,#1830,.T.);
#1507=EDGE_CURVE('',#1826,#1829,#1831,.T.);
#1508=EDGE_CURVE('',#1832,#1714,#1833,.T.);
#1509=EDGE_CURVE('',#1823,#1832,#1834,.T.);
#1510=EDGE_CURVE('',#1835,#1836,#1837,.T.);
#1511=EDGE_CURVE('',#1726,#1836,#1838,.T.);
#1512=EDGE_CURVE('',#1839,#1829,#1840,.T.);
#1513=EDGE_CURVE('',#1841,#1839,#1842,.T.);
#1514=EDGE_CURVE('',#1841,#1835,#1843,.T.);
#1515=EDGE_CURVE('',#1708,#1844,#1845,.T.);
#1516=EDGE_CURVE('',#1844,#1846,#1847,.T.);
#1517=EDGE_CURVE('',#1710,#1846,#1848,.T.);
#1518=EDGE_CURVE('',#1696,#1849,#1850,.T.);
#1519=EDGE_CURVE('',#1836,#1696,#1851,.T.);
#1520=EDGE_CURVE('',#1835,#1849,#1852,.T.);
#1521=EDGE_CURVE('',#1853,#1688,#1854,.T.);
#1522=EDGE_CURVE('',#1706,#1853,#1855,.T.);
#1523=EDGE_CURVE('',#1699,#1849,#1856,.T.);
#1524=EDGE_CURVE('',#1841,#1701,#1857,.T.);
#1525=EDGE_CURVE('',#1858,#1844,#1859,.T.);
#1526=EDGE_CURVE('',#1853,#1858,#1860,.T.);
#1527=EDGE_CURVE('',#1688,#1861,#1862,.T.);
#1528=EDGE_CURVE('',#1858,#1861,#1863,.T.);
#1529=EDGE_CURVE('',#1839,#1703,#1864,.T.);
#1530=EDGE_CURVE('',#1861,#1718,#1865,.T.);
#1531=EDGE_CURVE('',#1832,#1846,#1866,.T.);
#1532=EDGE_CURVE('',#1867,#1832,#1868,.T.);
#1533=EDGE_CURVE('',#1867,#1710,#1869,.T.);
#1534=EDGE_CURVE('',#1726,#1694,#1870,.T.);
#1535=EDGE_CURVE('',#1691,#1871,#1872,.T.);
#1536=EDGE_CURVE('',#1829,#1871,#1873,.T.);
#1537=EDGE_CURVE('',#1686,#1718,#1874,.T.);
#1538=EDGE_CURVE('',#1683,#1867,#1875,.T.);
#1539=EDGE_CURVE('',#1871,#1703,#1876,.T.);
#1540=EDGE_CURVE('',#1815,#1877,#1878,.T.);
#1541=EDGE_CURVE('',#1877,#1879,#1880,.T.);
#1542=EDGE_CURVE('',#1881,#1879,#1882,.T.);
#1543=EDGE_CURVE('',#1814,#1881,#1883,.T.);
#1544=EDGE_CURVE('',#1881,#1742,#1884,.T.);
#1545=EDGE_CURVE('',#1885,#1886,#1887,.T.);
#1546=EDGE_CURVE('',#1885,#1744,#1888,.T.);
#1547=EDGE_CURVE('',#1879,#1886,#1889,.T.);
#1548=EDGE_CURVE('',#1791,#1885,#1890,.T.);
#1549=EDGE_CURVE('',#1886,#1891,#1892,.T.);
#1550=EDGE_CURVE('',#1820,#1891,#1893,.T.);
#1551=EDGE_CURVE('',#1818,#1894,#1895,.T.);
#1552=EDGE_CURVE('',#1894,#1801,#1896,.T.);
#1553=EDGE_CURVE('',#1897,#1898,#1899,.T.);
#1554=EDGE_CURVE('',#1898,#1900,#1901,.T.);
#1555=EDGE_CURVE('',#1902,#1900,#1903,.T.);
#1556=EDGE_CURVE('',#1897,#1902,#1904,.T.);
#1557=EDGE_CURVE('',#1905,#1906,#1907,.T.);
#1558=EDGE_CURVE('',#1906,#1908,#1909,.T.);
#1559=EDGE_CURVE('',#1910,#1908,#1911,.T.);
#1560=EDGE_CURVE('',#1905,#1910,#1912,.T.);
#1561=EDGE_CURVE('',#1891,#1877,#1913,.T.);
#1562=EDGE_CURVE('',#1811,#1894,#1914,.T.);
#1563=EDGE_CURVE('',#1915,#1916,#1917,.T.);
#1564=EDGE_CURVE('',#1918,#1916,#1919,.T.);
#1565=EDGE_CURVE('',#1920,#1918,#1921,.T.);
#1566=EDGE_CURVE('',#1898,#1920,#1922,.T.);
#1567=EDGE_CURVE('',#1923,#1897,#1924,.T.);
#1568=EDGE_CURVE('',#1925,#1923,#1926,.T.);
#1569=EDGE_CURVE('',#1915,#1925,#1927,.T.);
#1570=EDGE_CURVE('',#1928,#1929,#1930,.T.);
#1571=EDGE_CURVE('',#1931,#1929,#1932,.T.);
#1572=EDGE_CURVE('',#1931,#1933,#1934,.T.);
#1573=EDGE_CURVE('',#1928,#1933,#1935,.T.);
#1574=EDGE_CURVE('',#1936,#1915,#1937,.T.);
#1575=EDGE_CURVE('',#1936,#1938,#1939,.T.);
#1576=EDGE_CURVE('',#1938,#1916,#1940,.T.);
#1577=EDGE_CURVE('',#1941,#1916,#1942,.T.);
#1578=EDGE_CURVE('',#1943,#1938,#1944,.T.);
#1579=EDGE_CURVE('',#1943,#1941,#1945,.T.);
#1580=EDGE_CURVE('',#1946,#1941,#1947,.T.);
#1581=EDGE_CURVE('',#1918,#1946,#1948,.T.);
#1582=EDGE_CURVE('',#1949,#1946,#1950,.T.);
#1583=EDGE_CURVE('',#1920,#1949,#1951,.T.);
#1584=EDGE_CURVE('',#1900,#1949,#1952,.T.);
#1585=EDGE_CURVE('',#1953,#1928,#1954,.T.);
#1586=EDGE_CURVE('',#1933,#1955,#1956,.T.);
#1587=EDGE_CURVE('',#1953,#1955,#1957,.T.);
#1588=EDGE_CURVE('',#1941,#1958,#1959,.T.);
#1589=EDGE_CURVE('',#1958,#1960,#1961,.T.);
#1590=EDGE_CURVE('',#1960,#1962,#1963,.T.);
#1591=EDGE_CURVE('',#1962,#1902,#1964,.T.);
#1592=EDGE_CURVE('',#1965,#1953,#1966,.T.);
#1593=EDGE_CURVE('',#1967,#1955,#1968,.T.);
#1594=EDGE_CURVE('',#1967,#1965,#1969,.T.);
#1595=EDGE_CURVE('',#1943,#1970,#1971,.T.);
#1596=EDGE_CURVE('',#1958,#1970,#1972,.T.);
#1597=EDGE_CURVE('',#1970,#1936,#1973,.T.);
#1598=EDGE_CURVE('',#1958,#1915,#1974,.T.);
#1599=EDGE_CURVE('',#1925,#1960,#1975,.T.);
#1600=EDGE_CURVE('',#1923,#1962,#1976,.T.);
#1601=EDGE_CURVE('',#1965,#1929,#1977,.T.);
#1602=EDGE_CURVE('',#1931,#1967,#1978,.T.);
#1603=EDGE_CURVE('',#1979,#1929,#1980,.T.);
#1604=EDGE_CURVE('',#1981,#1979,#1982,.T.);
#1605=EDGE_CURVE('',#1981,#1965,#1983,.T.);
#1606=EDGE_CURVE('',#1981,#1984,#1985,.T.);
#1607=EDGE_CURVE('',#1984,#1953,#1986,.T.);
#1608=EDGE_CURVE('',#1984,#1987,#1988,.T.);
#1609=EDGE_CURVE('',#1987,#1979,#1989,.T.);
#1610=EDGE_CURVE('',#1987,#1928,#1990,.T.);
#1611=EDGE_CURVE('',#1991,#1992,#1993,.T.);
#1612=EDGE_CURVE('',#1991,#1994,#1995,.T.);
#1613=EDGE_CURVE('',#1996,#1994,#1997,.T.);
#1614=EDGE_CURVE('',#1996,#1998,#1999,.T.);
#1615=EDGE_CURVE('',#1998,#2000,#2001,.T.);
#1616=EDGE_CURVE('',#2000,#1992,#2002,.T.);
#1617=EDGE_CURVE('',#1992,#1764,#2003,.T.);
#1618=EDGE_CURVE('',#1991,#1761,#2004,.T.);
#1619=EDGE_CURVE('',#1994,#1762,#2005,.T.);
#1620=EDGE_CURVE('',#1996,#1770,#2006,.T.);
#1621=EDGE_CURVE('',#1768,#1998,#2007,.T.);
#1622=EDGE_CURVE('',#1766,#2000,#2008,.T.);
#1623=EDGE_CURVE('',#2009,#2010,#2011,.T.);
#1624=EDGE_CURVE('',#2012,#2010,#2013,.T.);
#1625=EDGE_CURVE('',#2014,#2012,#2015,.T.);
#1626=EDGE_CURVE('',#1906,#2014,#2016,.T.);
#1627=EDGE_CURVE('',#2017,#1905,#2018,.T.);
#1628=EDGE_CURVE('',#2019,#2017,#2020,.T.);
#1629=EDGE_CURVE('',#2009,#2019,#2021,.T.);
#1630=EDGE_CURVE('',#2022,#2023,#2024,.T.);
#1631=EDGE_CURVE('',#2025,#2023,#2026,.T.);
#1632=EDGE_CURVE('',#2025,#2027,#2028,.T.);
#1633=EDGE_CURVE('',#2022,#2027,#2029,.T.);
#1634=EDGE_CURVE('',#2030,#2009,#2031,.T.);
#1635=EDGE_CURVE('',#2030,#2032,#2033,.T.);
#1636=EDGE_CURVE('',#2032,#2010,#2034,.T.);
#1637=EDGE_CURVE('',#2035,#2010,#2036,.T.);
#1638=EDGE_CURVE('',#2037,#2032,#2038,.T.);
#1639=EDGE_CURVE('',#2037,#2035,#2039,.T.);
#1640=EDGE_CURVE('',#2040,#2035,#2041,.T.);
#1641=EDGE_CURVE('',#2012,#2040,#2042,.T.);
#1642=EDGE_CURVE('',#2043,#2040,#2044,.T.);
#1643=EDGE_CURVE('',#2014,#2043,#2045,.T.);
#1644=EDGE_CURVE('',#1908,#2043,#2046,.T.);
#1645=EDGE_CURVE('',#2047,#2022,#2048,.T.);
#1646=EDGE_CURVE('',#2027,#2049,#2050,.T.);
#1647=EDGE_CURVE('',#2047,#2049,#2051,.T.);
#1648=EDGE_CURVE('',#2035,#2052,#2053,.T.);
#1649=EDGE_CURVE('',#2052,#2054,#2055,.T.);
#1650=EDGE_CURVE('',#2054,#2056,#2057,.T.);
#1651=EDGE_CURVE('',#2056,#1910,#2058,.T.);
#1652=EDGE_CURVE('',#2059,#2047,#2060,.T.);
#1653=EDGE_CURVE('',#2061,#2049,#2062,.T.);
#1654=EDGE_CURVE('',#2061,#2059,#2063,.T.);
#1655=EDGE_CURVE('',#2037,#2064,#2065,.T.);
#1656=EDGE_CURVE('',#2052,#2064,#2066,.T.);
#1657=EDGE_CURVE('',#2064,#2030,#2067,.T.);
#1658=EDGE_CURVE('',#2052,#2009,#2068,.T.);
#1659=EDGE_CURVE('',#2019,#2054,#2069,.T.);
#1660=EDGE_CURVE('',#2017,#2056,#2070,.T.);
#1661=EDGE_CURVE('',#2059,#2023,#2071,.T.);
#1662=EDGE_CURVE('',#2025,#2061,#2072,.T.);
#1663=EDGE_CURVE('',#2073,#2023,#2074,.T.);
#1664=EDGE_CURVE('',#2075,#2073,#2076,.T.);
#1665=EDGE_CURVE('',#2075,#2059,#2077,.T.);
#1666=EDGE_CURVE('',#2075,#2078,#2079,.T.);
#1667=EDGE_CURVE('',#2078,#2047,#2080,.T.);
#1668=EDGE_CURVE('',#2078,#2081,#2082,.T.);
#1669=EDGE_CURVE('',#2081,#2073,#2083,.T.);
#1670=EDGE_CURVE('',#2081,#2022,#2084,.T.);
#1671=EDGE_CURVE('',#2085,#2086,#2087,.T.);
#1672=EDGE_CURVE('',#2086,#2088,#2089,.T.);
#1673=EDGE_CURVE('',#2088,#2090,#2091,.T.);
#1674=EDGE_CURVE('',#2090,#2085,#2092,.T.);
#1675=EDGE_CURVE('',#1754,#2086,#2093,.T.);
#1676=EDGE_CURVE('',#1753,#2085,#2094,.T.);
#1677=EDGE_CURVE('',#1756,#2090,#2095,.T.);
#1678=EDGE_CURVE('',#1758,#2088,#2096,.T.);
#1679=EDGE_CURVE('',#1786,#1788,#2097,.T.);
#1680=EDGE_CURVE('',#1783,#2098,#2099,.T.);
#1681=EDGE_CURVE('',#2098,#1773,#2100,.T.);
#1682=EDGE_CURVE('',#1780,#2098,#2101,.T.);
#1683=VERTEX_POINT('',#2102);
#1684=VERTEX_POINT('',#2103);
#1685=LINE('',#2104,#2105);
#1686=VERTEX_POINT('',#2106);
#1687=CIRCLE('',#2107,1.75);
#1688=VERTEX_POINT('',#2108);
#1689=LINE('',#2109,#2110);
#1690=CIRCLE('',#2111,1.75);
#1691=VERTEX_POINT('',#2112);
#1692=VERTEX_POINT('',#2113);
#1693=LINE('',#2114,#2115);
#1694=VERTEX_POINT('',#2116);
#1695=CIRCLE('',#2117,1.75);
#1696=VERTEX_POINT('',#2118);
#1697=LINE('',#2119,#2120);
#1698=CIRCLE('',#2121,1.75);
#1699=VERTEX_POINT('',#2122);
#1700=LINE('',#2123,#2124);
#1701=VERTEX_POINT('',#2125);
#1702=CIRCLE('',#2126,1.25);
#1703=VERTEX_POINT('',#2127);
#1704=(B_SPLINE_CURVE(2,(#2129,#2130,#2131),.UNSPECIFIED.,.F.,.F.)B_SPLINE_CURVE_WITH_KNOTS((3,3),(0.0987888153311722,0.205670442659445),.UNSPECIFIED.)RATIONAL_B_SPLINE_CURVE((0.977392446300789,0.970037175107299,0.973229577082296))BOUNDED_CURVE()REPRESENTATION_ITEM('')GEOMETRIC_REPRESENTATION_ITEM()CURVE());
#1705=CIRCLE('',#2138,1.75);
#1706=VERTEX_POINT('',#2139);
#1707=LINE('',#2140,#2141);
#1708=VERTEX_POINT('',#2142);
#1709=CIRCLE('',#2143,1.25);
#1710=VERTEX_POINT('',#2144);
#1711=ELLIPSE('',#2145,6.74483917860769,1.37250312712226);
#1712=CIRCLE('',#2146,1.75);
#1713=VERTEX_POINT('',#2147);
#1714=VERTEX_POINT('',#2148);
#1715=LINE('',#2149,#2150);
#1716=VERTEX_POINT('',#2151);
#1717=CIRCLE('',#2152,1.5);
#1718=VERTEX_POINT('',#2153);
#1719=LINE('',#2154,#2155);
#1720=CIRCLE('',#2156,1.5);
#1721=VERTEX_POINT('',#2157);
#1722=VERTEX_POINT('',#2158);
#1723=LINE('',#2159,#2160);
#1724=VERTEX_POINT('',#2161);
#1725=CIRCLE('',#2162,1.5);
#1726=VERTEX_POINT('',#2163);
#1727=LINE('',#2164,#2165);
#1728=CIRCLE('',#2166,1.5);
#1729=VERTEX_POINT('',#2167);
#1730=VERTEX_POINT('',#2168);
#1731=LINE('',#2169,#2170);
#1732=VERTEX_POINT('',#2171);
#1733=LINE('',#2172,#2173);
#1734=VERTEX_POINT('',#2174);
#1735=CIRCLE('',#2175,0.3);
#1736=VERTEX_POINT('',#2176);
#1737=LINE('',#2177,#2178);
#1738=VERTEX_POINT('',#2179);
#1739=CIRCLE('',#2180,0.3);
#1740=VERTEX_POINT('',#2181);
#1741=LINE('',#2182,#2183);
#1742=VERTEX_POINT('',#2184);
#1743=CIRCLE('',#2185,0.3);
#1744=VERTEX_POINT('',#2186);
#1745=LINE('',#2187,#2188);
#1746=VERTEX_POINT('',#2189);
#1747=CIRCLE('',#2190,0.3);
#1748=VERTEX_POINT('',#2191);
#1749=LINE('',#2192,#2193);
#1750=VERTEX_POINT('',#2194);
#1751=CIRCLE('',#2195,0.3);
#1752=LINE('',#2196,#2197);
#1753=VERTEX_POINT('',#2198);
#1754=VERTEX_POINT('',#2199);
#1755=LINE('',#2200,#2201);
#1756=VERTEX_POINT('',#2202);
#1757=LINE('',#2203,#2204);
#1758=VERTEX_POINT('',#2205);
#1759=LINE('',#2206,#2207);
#1760=LINE('',#2208,#2209);
#1761=VERTEX_POINT('',#2210);
#1762=VERTEX_POINT('',#2211);
#1763=LINE('',#2212,#2213);
#1764=VERTEX_POINT('',#2214);
#1765=LINE('',#2215,#2216);
#1766=VERTEX_POINT('',#2217);
#1767=LINE('',#2218,#2219);
#1768=VERTEX_POINT('',#2220);
#1769=LINE('',#2221,#2222);
#1770=VERTEX_POINT('',#2223);
#1771=LINE('',#2224,#2225);
#1772=LINE('',#2226,#2227);
#1773=VERTEX_POINT('',#2228);
#1774=LINE('',#2229,#2230);
#1775=VERTEX_POINT('',#2231);
#1776=LINE('',#2232,#2233);
#1777=LINE('',#2234,#2235);
#1778=VERTEX_POINT('',#2236);
#1779=LINE('',#2237,#2238);
#1780=VERTEX_POINT('',#2239);
#1781=LINE('',#2240,#2241);
#1782=LINE('',#2242,#2243);
#1783=VERTEX_POINT('',#2244);
#1784=LINE('',#2245,#2246);
#1785=LINE('',#2247,#2248);
#1786=VERTEX_POINT('',#2249);
#1787=LINE('',#2250,#2251);
#1788=VERTEX_POINT('',#2252);
#1789=LINE('',#2253,#2254);
#1790=LINE('',#2255,#2256);
#1791=VERTEX_POINT('',#2257);
#1792=LINE('',#2258,#2259);
#1793=VERTEX_POINT('',#2260);
#1794=LINE('',#2261,#2262);
#1795=LINE('',#2263,#2264);
#1796=VERTEX_POINT('',#2265);
#1797=CIRCLE('',#2266,0.3);
#1798=LINE('',#2267,#2268);
#1799=VERTEX_POINT('',#2269);
#1800=LINE('',#2270,#2271);
#1801=VERTEX_POINT('',#2272);
#1802=LINE('',#2273,#2274);
#1803=VERTEX_POINT('',#2275);
#1804=LINE('',#2276,#2277);
#1805=LINE('',#2278,#2279);
#1806=VERTEX_POINT('',#2280);
#1807=CIRCLE('',#2281,0.3);
#1808=LINE('',#2282,#2283);
#1809=VERTEX_POINT('',#2284);
#1810=LINE('',#2285,#2286);
#1811=VERTEX_POINT('',#2287);
#1812=LINE('',#2288,#2289);
#1813=LINE('',#2290,#2291);
#1814=VERTEX_POINT('',#2292);
#1815=VERTEX_POINT('',#2293);
#1816=LINE('',#2294,#2295);
#1817=LINE('',#2296,#2297);
#1818=VERTEX_POINT('',#2298);
#1819=LINE('',#2299,#2300);
#1820=VERTEX_POINT('',#2301);
#1821=LINE('',#2302,#2303);
#1822=LINE('',#2304,#2305);
#1823=VERTEX_POINT('',#2306);
#1824=CIRCLE('',#2307,1.5);
#1825=LINE('',#2308,#2309);
#1826=VERTEX_POINT('',#2310);
#1827=CIRCLE('',#2311,1.5);
#1828=LINE('',#2312,#2313);
#1829=VERTEX_POINT('',#2314);
#1830=CIRCLE('',#2315,1.5);
#1831=LINE('',#2316,#2317);
#1832=VERTEX_POINT('',#2318);
#1833=CIRCLE('',#2319,1.5);
#1834=LINE('',#2320,#2321);
#1835=VERTEX_POINT('',#2322);
#1836=VERTEX_POINT('',#2323);
#1837=LINE('',#2324,#2325);
#1838=LINE('',#2326,#2327);
#1839=VERTEX_POINT('',#2328);
#1840=LINE('',#2329,#2330);
#1841=VERTEX_POINT('',#2331);
#1842=LINE('',#2332,#2333);
#1843=LINE('',#2334,#2335);
#1844=VERTEX_POINT('',#2336);
#1845=LINE('',#2337,#2338);
#1846=VERTEX_POINT('',#2339);
#1847=LINE('',#2340,#2341);
#1848=LINE('',#2342,#2343);
#1849=VERTEX_POINT('',#2344);
#1850=ELLIPSE('',#2345,6.74483917860769,1.37250312712226);
#1851=LINE('',#2346,#2347);
#1852=LINE('',#2348,#2349);
#1853=VERTEX_POINT('',#2350);
#1854=(B_SPLINE_CURVE(2,(#2352,#2353,#2354),.UNSPECIFIED.,.F.,.F.)B_SPLINE_CURVE_WITH_KNOTS((3,3),(0.140971980216929,0.247853607545201),.UNSPECIFIED.)RATIONAL_B_SPLINE_CURVE((0.973229577082295,0.970037175107299,0.977392446300789))BOUNDED_CURVE()REPRESENTATION_ITEM('')GEOMETRIC_REPRESENTATION_ITEM()CURVE());
#1855=CIRCLE('',#2361,1.25);
#1856=CIRCLE('',#2362,1.25);
#1857=LINE('',#2363,#2364);
#1858=VERTEX_POINT('',#2365);
#1859=LINE('',#2366,#2367);
#1860=LINE('',#2368,#2369);
#1861=VERTEX_POINT('',#2370);
#1862=LINE('',#2371,#2372);
#1863=LINE('',#2373,#2374);
#1864=LINE('',#2375,#2376);
#1865=LINE('',#2377,#2378);
#1866=LINE('',#2379,#2380);
#1867=VERTEX_POINT('',#2381);
#1868=LINE('',#2382,#2383);
#1869=LINE('',#2384,#2385);
#1870=LINE('',#2386,#2387);
#1871=VERTEX_POINT('',#2388);
#1872=CIRCLE('',#2389,1.75);
#1873=LINE('',#2390,#2391);
#1874=LINE('',#2392,#2393);
#1875=CIRCLE('',#2394,1.75);
#1876=LINE('',#2395,#2396);
#1877=VERTEX_POINT('',#2397);
#1878=LINE('',#2398,#2399);
#1879=VERTEX_POINT('',#2400);
#1880=LINE('',#2401,#2402);
#1881=VERTEX_POINT('',#2403);
#1882=LINE('',#2404,#2405);
#1883=CIRCLE('',#2406,0.3);
#1884=LINE('',#2407,#2408);
#1885=VERTEX_POINT('',#2409);
#1886=VERTEX_POINT('',#2410);
#1887=LINE('',#2411,#2412);
#1888=LINE('',#2413,#2414);
#1889=LINE('',#2415,#2416);
#1890=CIRCLE('',#2417,0.3);
#1891=VERTEX_POINT('',#2418);
#1892=LINE('',#2419,#2420);
#1893=LINE('',#2421,#2422);
#1894=VERTEX_POINT('',#2423);
#1895=LINE('',#2424,#2425);
#1896=LINE('',#2426,#2427);
#1897=VERTEX_POINT('',#2428);
#1898=VERTEX_POINT('',#2429);
#1899=LINE('',#2430,#2431);
#1900=VERTEX_POINT('',#2432);
#1901=LINE('',#2433,#2434);
#1902=VERTEX_POINT('',#2435);
#1903=LINE('',#2436,#2437);
#1904=LINE('',#2438,#2439);
#1905=VERTEX_POINT('',#2440);
#1906=VERTEX_POINT('',#2441);
#1907=LINE('',#2442,#2443);
#1908=VERTEX_POINT('',#2444);
#1909=LINE('',#2445,#2446);
#1910=VERTEX_POINT('',#2447);
#1911=LINE('',#2448,#2449);
#1912=LINE('',#2450,#2451);
#1913=LINE('',#2452,#2453);
#1914=LINE('',#2454,#2455);
#1915=VERTEX_POINT('',#2456);
#1916=VERTEX_POINT('',#2457);
#1917=LINE('',#2458,#2459);
#1918=VERTEX_POINT('',#2460);
#1919=LINE('',#2461,#2462);
#1920=VERTEX_POINT('',#2463);
#1921=CIRCLE('',#2464,1.3);
#1922=LINE('',#2465,#2466);
#1923=VERTEX_POINT('',#2467);
#1924=LINE('',#2468,#2469);
#1925=VERTEX_POINT('',#2470);
#1926=CIRCLE('',#2471,0.3);
#1927=LINE('',#2472,#2473);
#1928=VERTEX_POINT('',#2474);
#1929=VERTEX_POINT('',#2475);
#1930=LINE('',#2476,#2477);
#1931=VERTEX_POINT('',#2478);
#1932=LINE('',#2479,#2480);
#1933=VERTEX_POINT('',#2481);
#1934=LINE('',#2482,#2483);
#1935=LINE('',#2484,#2485);
#1936=VERTEX_POINT('',#2486);
#1937=LINE('',#2487,#2488);
#1938=VERTEX_POINT('',#2489);
#1939=LINE('',#2490,#2491);
#1940=LINE('',#2492,#2493);
#1941=VERTEX_POINT('',#2494);
#1942=LINE('',#2495,#2496);
#1943=VERTEX_POINT('',#2497);
#1944=LINE('',#2498,#2499);
#1945=LINE('',#2500,#2501);
#1946=VERTEX_POINT('',#2502);
#1947=LINE('',#2503,#2504);
#1948=LINE('',#2505,#2506);
#1949=VERTEX_POINT('',#2507);
#1950=CIRCLE('',#2508,1.3);
#1951=LINE('',#2509,#2510);
#1952=LINE('',#2511,#2512);
#1953=VERTEX_POINT('',#2513);
#1954=LINE('',#2514,#2515);
#1955=VERTEX_POINT('',#2516);
#1956=LINE('',#2517,#2518);
#1957=LINE('',#2519,#2520);
#1958=VERTEX_POINT('',#2521);
#1959=LINE('',#2522,#2523);
#1960=VERTEX_POINT('',#2524);
#1961=LINE('',#2525,#2526);
#1962=VERTEX_POINT('',#2527);
#1963=CIRCLE('',#2528,0.3);
#1964=LINE('',#2529,#2530);
#1965=VERTEX_POINT('',#2531);
#1966=LINE('',#2532,#2533);
#1967=VERTEX_POINT('',#2534);
#1968=LINE('',#2535,#2536);
#1969=LINE('',#2537,#2538);
#1970=VERTEX_POINT('',#2539);
#1971=LINE('',#2540,#2541);
#1972=LINE('',#2542,#2543);
#1973=LINE('',#2544,#2545);
#1974=LINE('',#2546,#2547);
#1975=LINE('',#2548,#2549);
#1976=LINE('',#2550,#2551);
#1977=LINE('',#2552,#2553);
#1978=LINE('',#2554,#2555);
#1979=VERTEX_POINT('',#2556);
#1980=LINE('',#2557,#2558);
#1981=VERTEX_POINT('',#2559);
#1982=LINE('',#2560,#2561);
#1983=LINE('',#2562,#2563);
#1984=VERTEX_POINT('',#2564);
#1985=LINE('',#2565,#2566);
#1986=LINE('',#2567,#2568);
#1987=VERTEX_POINT('',#2569);
#1988=LINE('',#2570,#2571);
#1989=LINE('',#2572,#2573);
#1990=LINE('',#2574,#2575);
#1991=VERTEX_POINT('',#2576);
#1992=VERTEX_POINT('',#2577);
#1993=LINE('',#2578,#2579);
#1994=VERTEX_POINT('',#2580);
#1995=LINE('',#2581,#2582);
#1996=VERTEX_POINT('',#2583);
#1997=LINE('',#2584,#2585);
#1998=VERTEX_POINT('',#2586);
#1999=LINE('',#2587,#2588);
#2000=VERTEX_POINT('',#2589);
#2001=LINE('',#2590,#2591);
#2002=LINE('',#2592,#2593);
#2003=LINE('',#2594,#2595);
#2004=LINE('',#2596,#2597);
#2005=LINE('',#2598,#2599);
#2006=LINE('',#2600,#2601);
#2007=LINE('',#2602,#2603);
#2008=LINE('',#2604,#2605);
#2009=VERTEX_POINT('',#2606);
#2010=VERTEX_POINT('',#2607);
#2011=LINE('',#2608,#2609);
#2012=VERTEX_POINT('',#2610);
#2013=LINE('',#2611,#2612);
#2014=VERTEX_POINT('',#2613);
#2015=CIRCLE('',#2614,1.3);
#2016=LINE('',#2615,#2616);
#2017=VERTEX_POINT('',#2617);
#2018=LINE('',#2618,#2619);
#2019=VERTEX_POINT('',#2620);
#2020=CIRCLE('',#2621,0.3);
#2021=LINE('',#2622,#2623);
#2022=VERTEX_POINT('',#2624);
#2023=VERTEX_POINT('',#2625);
#2024=LINE('',#2626,#2627);
#2025=VERTEX_POINT('',#2628);
#2026=LINE('',#2629,#2630);
#2027=VERTEX_POINT('',#2631);
#2028=LINE('',#2632,#2633);
#2029=LINE('',#2634,#2635);
#2030=VERTEX_POINT('',#2636);
#2031=LINE('',#2637,#2638);
#2032=VERTEX_POINT('',#2639);
#2033=LINE('',#2640,#2641);
#2034=LINE('',#2642,#2643);
#2035=VERTEX_POINT('',#2644);
#2036=LINE('',#2645,#2646);
#2037=VERTEX_POINT('',#2647);
#2038=LINE('',#2648,#2649);
#2039=LINE('',#2650,#2651);
#2040=VERTEX_POINT('',#2652);
#2041=LINE('',#2653,#2654);
#2042=LINE('',#2655,#2656);
#2043=VERTEX_POINT('',#2657);
#2044=CIRCLE('',#2658,1.3);
#2045=LINE('',#2659,#2660);
#2046=LINE('',#2661,#2662);
#2047=VERTEX_POINT('',#2663);
#2048=LINE('',#2664,#2665);
#2049=VERTEX_POINT('',#2666);
#2050=LINE('',#2667,#2668);
#2051=LINE('',#2669,#2670);
#2052=VERTEX_POINT('',#2671);
#2053=LINE('',#2672,#2673);
#2054=VERTEX_POINT('',#2674);
#2055=LINE('',#2675,#2676);
#2056=VERTEX_POINT('',#2677);
#2057=CIRCLE('',#2678,0.3);
#2058=LINE('',#2679,#2680);
#2059=VERTEX_POINT('',#2681);
#2060=LINE('',#2682,#2683);
#2061=VERTEX_POINT('',#2684);
#2062=LINE('',#2685,#2686);
#2063=LINE('',#2687,#2688);
#2064=VERTEX_POINT('',#2689);
#2065=LINE('',#2690,#2691);
#2066=LINE('',#2692,#2693);
#2067=LINE('',#2694,#2695);
#2068=LINE('',#2696,#2697);
#2069=LINE('',#2698,#2699);
#2070=LINE('',#2700,#2701);
#2071=LINE('',#2702,#2703);
#2072=LINE('',#2704,#2705);
#2073=VERTEX_POINT('',#2706);
#2074=LINE('',#2707,#2708);
#2075=VERTEX_POINT('',#2709);
#2076=LINE('',#2710,#2711);
#2077=LINE('',#2712,#2713);
#2078=VERTEX_POINT('',#2714);
#2079=LINE('',#2715,#2716);
#2080=LINE('',#2717,#2718);
#2081=VERTEX_POINT('',#2719);
#2082=LINE('',#2720,#2721);
#2083=LINE('',#2722,#2723);
#2084=LINE('',#2724,#2725);
#2085=VERTEX_POINT('',#2726);
#2086=VERTEX_POINT('',#2727);
#2087=LINE('',#2728,#2729);
#2088=VERTEX_POINT('',#2730);
#2089=LINE('',#2731,#2732);
#2090=VERTEX_POINT('',#2733);
#2091=LINE('',#2734,#2735);
#2092=LINE('',#2736,#2737);
#2093=LINE('',#2738,#2739);
#2094=LINE('',#2740,#2741);
#2095=LINE('',#2742,#2743);
#2096=LINE('',#2744,#2745);
#2097=CIRCLE('',#2746,0.3);
#2098=VERTEX_POINT('',#2747);
#2099=LINE('',#2748,#2749);
#2100=LINE('',#2750,#2751);
#2101=LINE('',#2752,#2753);
#2102=CARTESIAN_POINT('',(1.75,-1.78,-6.6));
#2103=CARTESIAN_POINT('',(1.75,-1.93,-6.6));
#2104=CARTESIAN_POINT('',(1.75,-1.855,-6.6));
#2105=VECTOR('',#2754,1.0);
#2106=CARTESIAN_POINT('',(1.172603939956,-1.78,-5.300961894323));
#2107=AXIS2_PLACEMENT_3D('',#2755,#2756,#2757);
#2108=CARTESIAN_POINT('',(1.172603939956,-1.93,-5.300961894323));
#2109=CARTESIAN_POINT('',(1.172603939956,-1.78,-5.300961894323));
#2110=VECTOR('',#2758,0.15);
#2111=AXIS2_PLACEMENT_3D('',#2759,#2760,#2761);
#2112=CARTESIAN_POINT('',(-1.75,-1.78,-6.6));
#2113=CARTESIAN_POINT('',(-1.75,-1.93,-6.60000000000019));
#2114=CARTESIAN_POINT('',(-1.75,-1.855,-6.6));
#2115=VECTOR('',#2762,1.0);
#2116=CARTESIAN_POINT('',(-1.172603939956,-1.78,-7.899038105677));
#2117=AXIS2_PLACEMENT_3D('',#2763,#2764,#2765);
#2118=CARTESIAN_POINT('',(-1.172603939956,-1.93,-7.899038105677));
#2119=CARTESIAN_POINT('',(-1.172603939956,-1.78,-7.899038105677));
#2120=VECTOR('',#2766,0.15);
#2121=AXIS2_PLACEMENT_3D('',#2767,#2768,#2769);
#2122=CARTESIAN_POINT('',(-1.25,-2.9,-6.60000000000014));
#2123=CARTESIAN_POINT('',(-1.5,-2.415,-6.60000000000016));
#2124=VECTOR('',#2770,1.0);
#2125=CARTESIAN_POINT('',(-1.0,-2.9,-5.85));
#2126=AXIS2_PLACEMENT_3D('',#2771,#2772,#2773);
#2127=CARTESIAN_POINT('',(-1.172603939956,-1.93,-5.300961894323));
#2129=CARTESIAN_POINT('',(-1.17260393995598,-1.92999999999982,-5.3009618943233));
#2130=CARTESIAN_POINT('',(-1.09814095280841,-2.4535311419808,-5.59729029273149));
#2131=CARTESIAN_POINT('',(-0.999999999999976,-2.9,-5.85));
#2138=AXIS2_PLACEMENT_3D('',#2774,#2775,#2776);
#2139=CARTESIAN_POINT('',(1.25,-2.9,-6.6));
#2140=CARTESIAN_POINT('',(1.5,-2.415,-6.6));
#2141=VECTOR('',#2777,1.0);
#2142=CARTESIAN_POINT('',(1.0,-2.9,-7.35));
#2143=AXIS2_PLACEMENT_3D('',#2778,#2779,#2780);
#2144=CARTESIAN_POINT('',(1.172603939956,-1.93,-7.899038105677));
#2145=AXIS2_PLACEMENT_3D('',#2781,#2782,#2783);
#2146=AXIS2_PLACEMENT_3D('',#2784,#2785,#2786);
#2147=CARTESIAN_POINT('',(1.5,0.4,-6.6));
#2148=CARTESIAN_POINT('',(1.5,-1.78,-6.6));
#2149=CARTESIAN_POINT('',(1.5,-0.690000000000305,-6.6));
#2150=VECTOR('',#2787,1.0);
#2151=CARTESIAN_POINT('',(0.750000227366579,0.399999999999391,-5.30096321292029));
#2152=AXIS2_PLACEMENT_3D('',#2788,#2789,#2790);
#2153=CARTESIAN_POINT('',(0.75,-1.78,-5.300961894323));
#2154=CARTESIAN_POINT('',(0.75,0.4,-5.300964208075));
#2155=VECTOR('',#2791,2.18000000000092);
#2156=AXIS2_PLACEMENT_3D('',#2792,#2793,#2794);
#2157=CARTESIAN_POINT('',(-1.5,0.4,-6.6));
#2158=CARTESIAN_POINT('',(-1.5,-1.78,-6.6));
#2159=CARTESIAN_POINT('',(-1.5,-0.690000000000305,-6.6));
#2160=VECTOR('',#2795,1.0);
#2161=CARTESIAN_POINT('',(-0.750000227366579,0.399999999999391,-7.89903678707971));
#2162=AXIS2_PLACEMENT_3D('',#2796,#2797,#2798);
#2163=CARTESIAN_POINT('',(-0.75,-1.78,-7.899038105677));
#2164=CARTESIAN_POINT('',(-0.75,0.4,-7.899035791925));
#2165=VECTOR('',#2799,2.18000000000092);
#2166=AXIS2_PLACEMENT_3D('',#2800,#2801,#2802);
#2167=CARTESIAN_POINT('',(-2.0,5.8,0.0));
#2168=CARTESIAN_POINT('',(2.0,5.8,0.0));
#2169=CARTESIAN_POINT('',(-2.0,5.8,0.0));
#2170=VECTOR('',#2803,4.0);
#2171=CARTESIAN_POINT('',(-4.5,5.8,0.0));
#2172=CARTESIAN_POINT('',(-4.5,5.8,0.0));
#2173=VECTOR('',#2804,2.5);
#2174=CARTESIAN_POINT('',(-4.8,5.5,0.0));
#2175=AXIS2_PLACEMENT_3D('',#2805,#2806,#2807);
#2176=CARTESIAN_POINT('',(-4.8,0.7,0.0));
#2177=CARTESIAN_POINT('',(-4.8,0.7,0.0));
#2178=VECTOR('',#2808,4.8);
#2179=CARTESIAN_POINT('',(-4.5,0.4,0.0));
#2180=AXIS2_PLACEMENT_3D('',#2809,#2810,#2811);
#2181=CARTESIAN_POINT('',(4.5,0.4,0.0));
#2182=CARTESIAN_POINT('',(4.5,0.4,0.0));
#2183=VECTOR('',#2812,9.0);
#2184=CARTESIAN_POINT('',(4.8,0.7,0.0));
#2185=AXIS2_PLACEMENT_3D('',#2813,#2814,#2815);
#2186=CARTESIAN_POINT('',(4.8,5.5,0.0));
#2187=CARTESIAN_POINT('',(4.8,5.5,0.0));
#2188=VECTOR('',#2816,4.8);
#2189=CARTESIAN_POINT('',(4.5,5.8,0.0));
#2190=AXIS2_PLACEMENT_3D('',#2817,#2818,#2819);
#2191=CARTESIAN_POINT('',(2.9,5.8,0.0));
#2192=CARTESIAN_POINT('',(2.9,5.8,0.0));
#2193=VECTOR('',#2820,1.6);
#2194=CARTESIAN_POINT('',(2.3,5.8,0.0));
#2195=AXIS2_PLACEMENT_3D('',#2821,#2822,#2823);
#2196=CARTESIAN_POINT('',(2.0,5.8,0.0));
#2197=VECTOR('',#2824,0.3);
#2198=CARTESIAN_POINT('',(-4.0,5.2,0.0));
#2199=CARTESIAN_POINT('',(-4.0,1.3,0.0));
#2200=CARTESIAN_POINT('',(-4.0,5.2,0.0));
#2201=VECTOR('',#2825,3.9);
#2202=CARTESIAN_POINT('',(-0.2,5.2,0.0));
#2203=CARTESIAN_POINT('',(-0.2,5.2,0.0));
#2204=VECTOR('',#2826,3.8);
#2205=CARTESIAN_POINT('',(-0.2,1.3,0.0));
#2206=CARTESIAN_POINT('',(-0.2,1.3,0.0));
#2207=VECTOR('',#2827,3.9);
#2208=CARTESIAN_POINT('',(-4.0,1.3,0.0));
#2209=VECTOR('',#2828,3.8);
#2210=CARTESIAN_POINT('',(1.195,1.3,0.0));
#2211=CARTESIAN_POINT('',(3.005,1.3,0.0));
#2212=CARTESIAN_POINT('',(1.195,1.3,0.0));
#2213=VECTOR('',#2829,1.81);
#2214=CARTESIAN_POINT('',(0.2,2.295,0.0));
#2215=CARTESIAN_POINT('',(1.195,1.3,0.0));
#2216=VECTOR('',#2830,1.40714249456091);
#2217=CARTESIAN_POINT('',(0.2,5.2,0.0));
#2218=CARTESIAN_POINT('',(0.2,5.2,0.0));
#2219=VECTOR('',#2831,2.905);
#2220=CARTESIAN_POINT('',(4.0,5.2,0.0));
#2221=CARTESIAN_POINT('',(4.0,5.2,0.0));
#2222=VECTOR('',#2832,3.8);
#2223=CARTESIAN_POINT('',(4.0,2.295,0.0));
#2224=CARTESIAN_POINT('',(4.0,2.295,0.0));
#2225=VECTOR('',#2833,2.905);
#2226=CARTESIAN_POINT('',(4.0,2.295,0.0));
#2227=VECTOR('',#2834,1.40714249456091);
#2228=CARTESIAN_POINT('',(2.0,7.2,-2.122484128936));
#2229=CARTESIAN_POINT('',(2.0,7.2,-2.122484128936));
#2230=VECTOR('',#2835,2.54262440749406);
#2231=CARTESIAN_POINT('',(-2.0,7.2,-2.122484128936));
#2232=CARTESIAN_POINT('',(-2.0,7.2,-2.122484128936));
#2233=VECTOR('',#2836,4.0);
#2234=CARTESIAN_POINT('',(-2.0,7.2,-2.122484128936));
#2235=VECTOR('',#2837,2.54262440749406);
#2236=CARTESIAN_POINT('',(-2.0,5.8,-3.0));
#2237=CARTESIAN_POINT('',(-2.0,5.8,0.0));
#2238=VECTOR('',#2838,3.0);
#2239=CARTESIAN_POINT('',(-2.0,7.2,-3.122484128936));
#2240=CARTESIAN_POINT('',(-2.0,7.2,-3.122484128936));
#2241=VECTOR('',#2839,1.0);
#2242=CARTESIAN_POINT('',(-2.0,5.8,-3.0));
#2243=VECTOR('',#2840,1.40534777256094);
#2244=CARTESIAN_POINT('',(2.0,5.8,-3.0));
#2245=CARTESIAN_POINT('',(-2.0,5.8,-3.0));
#2246=VECTOR('',#2841,4.0);
#2247=CARTESIAN_POINT('',(2.0,5.8,0.0));
#2248=VECTOR('',#2842,3.0);
#2249=CARTESIAN_POINT('',(2.3,5.8,-6.3));
#2250=CARTESIAN_POINT('',(2.3,5.8,0.0));
#2251=VECTOR('',#2843,6.3);
#2252=CARTESIAN_POINT('',(2.9,5.8,-6.3));
#2253=CARTESIAN_POINT('',(2.9,5.8,-6.3));
#2254=VECTOR('',#2844,0.6);
#2255=CARTESIAN_POINT('',(2.9,5.8,0.0));
#2256=VECTOR('',#2845,6.3);
#2257=CARTESIAN_POINT('',(4.5,5.8,-12.8));
#2258=CARTESIAN_POINT('',(4.5,5.8,-12.8));
#2259=VECTOR('',#2846,12.8);
#2260=CARTESIAN_POINT('',(-4.5,5.8,-12.8));
#2261=CARTESIAN_POINT('',(-4.5,5.8,-12.8));
#2262=VECTOR('',#2847,9.0);
#2263=CARTESIAN_POINT('',(-4.5,5.8,-12.8));
#2264=VECTOR('',#2848,12.8);
#2265=CARTESIAN_POINT('',(-4.8,5.5,-12.8));
#2266=AXIS2_PLACEMENT_3D('',#2849,#2850,#2851);
#2267=CARTESIAN_POINT('',(-4.8,5.5,-12.8));
#2268=VECTOR('',#2852,12.8);
#2269=CARTESIAN_POINT('',(-4.8,0.7,-2.0));
#2270=CARTESIAN_POINT('',(-4.8,0.7,-2.0));
#2271=VECTOR('',#2853,2.0);
#2272=CARTESIAN_POINT('',(-4.8,0.0,-12.8));
#2273=CARTESIAN_POINT('',(-4.8,0.0,-12.8));
#2274=VECTOR('',#2854,5.5);
#2275=CARTESIAN_POINT('',(-4.8,0.0,-2.0));
#2276=CARTESIAN_POINT('',(-4.8,0.0,-12.8));
#2277=VECTOR('',#2855,10.8);
#2278=CARTESIAN_POINT('',(-4.8,0.0,-2.0));
#2279=VECTOR('',#2856,0.7);
#2280=CARTESIAN_POINT('',(-4.5,0.4,-2.0));
#2281=AXIS2_PLACEMENT_3D('',#2857,#2858,#2859);
#2282=CARTESIAN_POINT('',(-4.5,0.4,-2.0));
#2283=VECTOR('',#2860,2.0);
#2284=CARTESIAN_POINT('',(-3.91,0.4,-2.0));
#2285=CARTESIAN_POINT('',(-3.91,0.4,-2.0));
#2286=VECTOR('',#2861,0.59);
#2287=CARTESIAN_POINT('',(-3.91,0.0,-2.0));
#2288=CARTESIAN_POINT('',(-4.8,0.0,-2.0));
#2289=VECTOR('',#2862,0.89);
#2290=CARTESIAN_POINT('',(-3.91,0.4,-2.0));
#2291=VECTOR('',#2863,0.4);
#2292=CARTESIAN_POINT('',(4.5,0.4,-2.0));
#2293=CARTESIAN_POINT('',(3.91,0.4,-2.0));
#2294=CARTESIAN_POINT('',(4.5,0.4,-2.0));
#2295=VECTOR('',#2864,0.59);
#2296=CARTESIAN_POINT('',(4.5,0.4,-2.0));
#2297=VECTOR('',#2865,2.0);
#2298=CARTESIAN_POINT('',(-3.91,0.4,-12.8));
#2299=CARTESIAN_POINT('',(-3.91,0.4,-12.8));
#2300=VECTOR('',#2866,10.8);
#2301=CARTESIAN_POINT('',(3.91,0.4,-12.8));
#2302=CARTESIAN_POINT('',(3.91,0.4,-12.8));
#2303=VECTOR('',#2867,7.82);
#2304=CARTESIAN_POINT('',(3.91,0.4,-12.8));
#2305=VECTOR('',#2868,10.8);
#2306=CARTESIAN_POINT('',(0.750000227366579,0.399999999999391,-7.89903678707971));
#2307=AXIS2_PLACEMENT_3D('',#2869,#2870,#2871);
#2308=CARTESIAN_POINT('',(0.75,0.4,-7.899035791925));
#2309=VECTOR('',#2872,2.59807158385);
#2310=CARTESIAN_POINT('',(-0.750000227366579,0.399999999999391,-5.30096321292029));
#2311=AXIS2_PLACEMENT_3D('',#2873,#2874,#2875);
#2312=CARTESIAN_POINT('',(-0.75,0.4,-5.300964208075));
#2313=VECTOR('',#2876,2.59807158385);
#2314=CARTESIAN_POINT('',(-0.75,-1.78,-5.300961894323));
#2315=AXIS2_PLACEMENT_3D('',#2877,#2878,#2879);
#2316=CARTESIAN_POINT('',(-0.75,0.4,-5.300964208075));
#2317=VECTOR('',#2880,2.18000000000092);
#2318=CARTESIAN_POINT('',(0.75,-1.78,-7.899038105677));
#2319=AXIS2_PLACEMENT_3D('',#2881,#2882,#2883);
#2320=CARTESIAN_POINT('',(0.75,0.4,-7.899035791925));
#2321=VECTOR('',#2884,2.18000000000092);
#2322=CARTESIAN_POINT('',(-0.75,-2.9,-7.35));
#2323=CARTESIAN_POINT('',(-0.75,-1.93,-7.899038105677));
#2324=CARTESIAN_POINT('',(-0.75,-2.9,-7.35));
#2325=VECTOR('',#2885,1.114604343023);
#2326=CARTESIAN_POINT('',(-0.75,-1.78,-7.899038105677));
#2327=VECTOR('',#2886,0.15);
#2328=CARTESIAN_POINT('',(-0.75,-1.93,-5.300961894323));
#2329=CARTESIAN_POINT('',(-0.75,-1.93,-5.300961894323));
#2330=VECTOR('',#2887,0.15);
#2331=CARTESIAN_POINT('',(-0.75,-2.9,-5.85));
#2332=CARTESIAN_POINT('',(-0.75,-2.9,-5.85));
#2333=VECTOR('',#2888,1.114604343023);
#2334=CARTESIAN_POINT('',(-0.75,-2.9,-5.85));
#2335=VECTOR('',#2889,1.5);
#2336=CARTESIAN_POINT('',(0.75,-2.9,-7.35));
#2337=CARTESIAN_POINT('',(1.0,-2.9,-7.35));
#2338=VECTOR('',#2890,0.25);
#2339=CARTESIAN_POINT('',(0.75,-1.93,-7.899038105677));
#2340=CARTESIAN_POINT('',(0.75,-2.9,-7.35));
#2341=VECTOR('',#2891,1.114604343023);
#2342=CARTESIAN_POINT('',(1.172603939956,-1.93,-7.899038105677));
#2343=VECTOR('',#2892,0.4226039399559);
#2344=CARTESIAN_POINT('',(-1.0,-2.9,-7.35));
#2345=AXIS2_PLACEMENT_3D('',#2893,#2894,#2895);
#2346=CARTESIAN_POINT('',(-0.75,-1.93,-7.899038105677));
#2347=VECTOR('',#2896,0.4226039399559);
#2348=CARTESIAN_POINT('',(-0.75,-2.9,-7.35));
#2349=VECTOR('',#2897,0.25);
#2350=CARTESIAN_POINT('',(1.0,-2.9,-5.85));
#2352=CARTESIAN_POINT('',(0.999999999999976,-2.9,-5.85));
#2353=CARTESIAN_POINT('',(1.09814095280841,-2.4535311419808,-5.59729029273149));
#2354=CARTESIAN_POINT('',(1.17260393995598,-1.92999999999982,-5.3009618943233));
#2361=AXIS2_PLACEMENT_3D('',#2898,#2899,#2900);
#2362=AXIS2_PLACEMENT_3D('',#2901,#2902,#2903);
#2363=CARTESIAN_POINT('',(-0.75,-2.9,-5.85));
#2364=VECTOR('',#2904,0.25);
#2365=CARTESIAN_POINT('',(0.75,-2.9,-5.85));
#2366=CARTESIAN_POINT('',(0.75,-2.9,-5.85));
#2367=VECTOR('',#2905,1.5);
#2368=CARTESIAN_POINT('',(1.0,-2.9,-5.85));
#2369=VECTOR('',#2906,0.25);
#2370=CARTESIAN_POINT('',(0.75,-1.93,-5.300961894323));
#2371=CARTESIAN_POINT('',(1.172603939956,-1.93,-5.300961894323));
#2372=VECTOR('',#2907,0.4226039399559);
#2373=CARTESIAN_POINT('',(0.75,-2.9,-5.85));
#2374=VECTOR('',#2908,1.114604343023);
#2375=CARTESIAN_POINT('',(-0.75,-1.93,-5.300961894323));
#2376=VECTOR('',#2909,0.4226039399559);
#2377=CARTESIAN_POINT('',(0.75,-1.93,-5.300961894323));
#2378=VECTOR('',#2910,0.15);
#2379=CARTESIAN_POINT('',(0.75,-1.78,-7.899038105677));
#2380=VECTOR('',#2911,0.15);
#2381=CARTESIAN_POINT('',(1.172603939956,-1.78,-7.899038105677));
#2382=CARTESIAN_POINT('',(1.172603939956,-1.78,-7.899038105677));
#2383=VECTOR('',#2912,0.4226039399559);
#2384=CARTESIAN_POINT('',(1.172603939956,-1.78,-7.899038105677));
#2385=VECTOR('',#2913,0.15);
#2386=CARTESIAN_POINT('',(-0.75,-1.78,-7.899038105677));
#2387=VECTOR('',#2914,0.4226039399559);
#2388=CARTESIAN_POINT('',(-1.172603939956,-1.78,-5.300961894323));
#2389=AXIS2_PLACEMENT_3D('',#2915,#2916,#2917);
#2390=CARTESIAN_POINT('',(-0.75,-1.78,-5.300961894323));
#2391=VECTOR('',#2918,0.4226039399559);
#2392=CARTESIAN_POINT('',(1.172603939956,-1.78,-5.300961894323));
#2393=VECTOR('',#2919,0.4226039399559);
#2394=AXIS2_PLACEMENT_3D('',#2920,#2921,#2922);
#2395=CARTESIAN_POINT('',(-1.172603939956,-1.78,-5.300961894323));
#2396=VECTOR('',#2923,0.15);
#2397=CARTESIAN_POINT('',(3.91,0.0,-2.0));
#2398=CARTESIAN_POINT('',(3.91,0.4,-2.0));
#2399=VECTOR('',#2924,0.4);
#2400=CARTESIAN_POINT('',(4.8,0.0,-2.0));
#2401=CARTESIAN_POINT('',(3.91,0.0,-2.0));
#2402=VECTOR('',#2925,0.89);
#2403=CARTESIAN_POINT('',(4.8,0.7,-2.0));
#2404=CARTESIAN_POINT('',(4.8,0.7,-2.0));
#2405=VECTOR('',#2926,0.7);
#2406=AXIS2_PLACEMENT_3D('',#2927,#2928,#2929);
#2407=CARTESIAN_POINT('',(4.8,0.7,-2.0));
#2408=VECTOR('',#2930,2.0);
#2409=CARTESIAN_POINT('',(4.8,5.5,-12.8));
#2410=CARTESIAN_POINT('',(4.8,0.0,-12.8));
#2411=CARTESIAN_POINT('',(4.8,5.5,-12.8));
#2412=VECTOR('',#2931,5.5);
#2413=CARTESIAN_POINT('',(4.8,5.5,-12.8));
#2414=VECTOR('',#2932,12.8);
#2415=CARTESIAN_POINT('',(4.8,0.0,-2.0));
#2416=VECTOR('',#2933,10.8);
#2417=AXIS2_PLACEMENT_3D('',#2934,#2935,#2936);
#2418=CARTESIAN_POINT('',(3.91,0.0,-12.8));
#2419=CARTESIAN_POINT('',(4.8,0.0,-12.8));
#2420=VECTOR('',#2937,0.89);
#2421=CARTESIAN_POINT('',(3.91,0.4,-12.8));
#2422=VECTOR('',#2938,0.4);
#2423=CARTESIAN_POINT('',(-3.91,0.0,-12.8));
#2424=CARTESIAN_POINT('',(-3.91,0.4,-12.8));
#2425=VECTOR('',#2939,0.4);
#2426=CARTESIAN_POINT('',(-3.91,0.0,-12.8));
#2427=VECTOR('',#2940,0.89);
#2428=CARTESIAN_POINT('',(2.6,2.8,-12.8));
#2429=CARTESIAN_POINT('',(2.6,3.8,-12.8));
#2430=CARTESIAN_POINT('',(2.6,2.8,-12.8));
#2431=VECTOR('',#2941,1.0);
#2432=CARTESIAN_POINT('',(1.6,3.8,-12.8));
#2433=CARTESIAN_POINT('',(2.6,3.8,-12.8));
#2434=VECTOR('',#2942,1.0);
#2435=CARTESIAN_POINT('',(1.6,2.8,-12.8));
#2436=CARTESIAN_POINT('',(1.6,2.8,-12.8));
#2437=VECTOR('',#2943,1.0);
#2438=CARTESIAN_POINT('',(2.6,2.8,-12.8));
#2439=VECTOR('',#2944,1.0);
#2440=CARTESIAN_POINT('',(-1.6,2.8,-12.8));
#2441=CARTESIAN_POINT('',(-1.6,3.8,-12.8));
#2442=CARTESIAN_POINT('',(-1.6,2.8,-12.8));
#2443=VECTOR('',#2945,1.0);
#2444=CARTESIAN_POINT('',(-2.6,3.8,-12.8));
#2445=CARTESIAN_POINT('',(-1.6,3.8,-12.8));
#2446=VECTOR('',#2946,1.0);
#2447=CARTESIAN_POINT('',(-2.6,2.8,-12.8));
#2448=CARTESIAN_POINT('',(-2.6,2.8,-12.8));
#2449=VECTOR('',#2947,1.0);
#2450=CARTESIAN_POINT('',(-1.6,2.8,-12.8));
#2451=VECTOR('',#2948,1.0);
#2452=CARTESIAN_POINT('',(3.91,0.0,-12.8));
#2453=VECTOR('',#2949,10.8);
#2454=CARTESIAN_POINT('',(-3.91,0.0,-2.0));
#2455=VECTOR('',#2950,10.8);
#2456=CARTESIAN_POINT('',(2.6,-2.5,-13.4));
#2457=CARTESIAN_POINT('',(2.6,-2.5,-14.4));
#2458=CARTESIAN_POINT('',(2.6,-2.5,-13.4));
#2459=VECTOR('',#2951,1.0);
#2460=CARTESIAN_POINT('',(2.6,2.5,-14.4));
#2461=CARTESIAN_POINT('',(2.6,2.5,-14.4));
#2462=VECTOR('',#2952,5.0);
#2463=CARTESIAN_POINT('',(2.6,3.8,-13.1));
#2464=AXIS2_PLACEMENT_3D('',#2953,#2954,#2955);
#2465=CARTESIAN_POINT('',(2.6,3.8,-12.8));
#2466=VECTOR('',#2956,0.3);
#2467=CARTESIAN_POINT('',(2.6,2.8,-13.1));
#2468=CARTESIAN_POINT('',(2.6,2.8,-13.1));
#2469=VECTOR('',#2957,0.3);
#2470=CARTESIAN_POINT('',(2.6,2.5,-13.4));
#2471=AXIS2_PLACEMENT_3D('',#2958,#2959,#2960);
#2472=CARTESIAN_POINT('',(2.6,-2.5,-13.4));
#2473=VECTOR('',#2961,5.0);
#2474=CARTESIAN_POINT('',(2.6,3.8,-4.1));
#2475=CARTESIAN_POINT('',(2.6,2.8,-4.1));
#2476=CARTESIAN_POINT('',(2.6,3.8,-4.1));
#2477=VECTOR('',#2962,1.0);
#2478=CARTESIAN_POINT('',(2.6,2.8,-9.1));
#2479=CARTESIAN_POINT('',(2.6,2.8,-9.1));
#2480=VECTOR('',#2963,5.0);
#2481=CARTESIAN_POINT('',(2.6,3.8,-9.1));
#2482=CARTESIAN_POINT('',(2.6,2.8,-9.1));
#2483=VECTOR('',#2964,1.0);
#2484=CARTESIAN_POINT('',(2.6,3.8,-4.1));
#2485=VECTOR('',#2965,5.0);
#2486=CARTESIAN_POINT('',(2.35,-3.5,-13.65));
#2487=CARTESIAN_POINT('',(2.35,-3.5,-13.65));
#2488=VECTOR('',#2966,1.06066017178003);
#2489=CARTESIAN_POINT('',(2.35,-3.5,-14.15));
#2490=CARTESIAN_POINT('',(2.35,-3.5,-13.65));
#2491=VECTOR('',#2967,0.5);
#2492=CARTESIAN_POINT('',(2.35,-3.5,-14.15));
#2493=VECTOR('',#2968,1.06066017178003);
#2494=CARTESIAN_POINT('',(1.6,-2.5,-14.4));
#2495=CARTESIAN_POINT('',(1.6,-2.5,-14.4));
#2496=VECTOR('',#2969,1.0);
#2497=CARTESIAN_POINT('',(1.85,-3.5,-14.15));
#2498=CARTESIAN_POINT('',(1.85,-3.5,-14.15));
#2499=VECTOR('',#2970,0.5);
#2500=CARTESIAN_POINT('',(1.85,-3.5,-14.15));
#2501=VECTOR('',#2971,1.06066017178003);
#2502=CARTESIAN_POINT('',(1.6,2.5,-14.4));
#2503=CARTESIAN_POINT('',(1.6,2.5,-14.4));
#2504=VECTOR('',#2972,5.0);
#2505=CARTESIAN_POINT('',(2.6,2.5,-14.4));
#2506=VECTOR('',#2973,1.0);
#2507=CARTESIAN_POINT('',(1.6,3.8,-13.1));
#2508=AXIS2_PLACEMENT_3D('',#2974,#2975,#2976);
#2509=CARTESIAN_POINT('',(2.6,3.8,-13.1));
#2510=VECTOR('',#2977,1.0);
#2511=CARTESIAN_POINT('',(1.6,3.8,-12.8));
#2512=VECTOR('',#2978,0.3);
#2513=CARTESIAN_POINT('',(1.6,3.8,-4.1));
#2514=CARTESIAN_POINT('',(1.6,3.8,-4.1));
#2515=VECTOR('',#2979,1.0);
#2516=CARTESIAN_POINT('',(1.6,3.8,-9.1));
#2517=CARTESIAN_POINT('',(2.6,3.8,-9.1));
#2518=VECTOR('',#2980,1.0);
#2519=CARTESIAN_POINT('',(1.6,3.8,-4.1));
#2520=VECTOR('',#2981,5.0);
#2521=CARTESIAN_POINT('',(1.6,-2.5,-13.4));
#2522=CARTESIAN_POINT('',(1.6,-2.5,-14.4));
#2523=VECTOR('',#2982,1.0);
#2524=CARTESIAN_POINT('',(1.6,2.5,-13.4));
#2525=CARTESIAN_POINT('',(1.6,-2.5,-13.4));
#2526=VECTOR('',#2983,5.0);
#2527=CARTESIAN_POINT('',(1.6,2.8,-13.1));
#2528=AXIS2_PLACEMENT_3D('',#2984,#2985,#2986);
#2529=CARTESIAN_POINT('',(1.6,2.8,-13.1));
#2530=VECTOR('',#2987,0.3);
#2531=CARTESIAN_POINT('',(1.6,2.8,-4.1));
#2532=CARTESIAN_POINT('',(1.6,2.8,-4.1));
#2533=VECTOR('',#2988,1.0);
#2534=CARTESIAN_POINT('',(1.6,2.8,-9.1));
#2535=CARTESIAN_POINT('',(1.6,2.8,-9.1));
#2536=VECTOR('',#2989,1.0);
#2537=CARTESIAN_POINT('',(1.6,2.8,-9.1));
#2538=VECTOR('',#2990,5.0);
#2539=CARTESIAN_POINT('',(1.85,-3.5,-13.65));
#2540=CARTESIAN_POINT('',(1.85,-3.5,-14.15));
#2541=VECTOR('',#2991,0.5);
#2542=CARTESIAN_POINT('',(1.6,-2.5,-13.4));
#2543=VECTOR('',#2992,1.06066017178003);
#2544=CARTESIAN_POINT('',(1.85,-3.5,-13.65));
#2545=VECTOR('',#2993,0.5);
#2546=CARTESIAN_POINT('',(1.6,-2.5,-13.4));
#2547=VECTOR('',#2994,1.0);
#2548=CARTESIAN_POINT('',(2.6,2.5,-13.4));
#2549=VECTOR('',#2995,1.0);
#2550=CARTESIAN_POINT('',(2.6,2.8,-13.1));
#2551=VECTOR('',#2996,1.0);
#2552=CARTESIAN_POINT('',(1.6,2.8,-4.1));
#2553=VECTOR('',#2997,1.0);
#2554=CARTESIAN_POINT('',(2.6,2.8,-9.1));
#2555=VECTOR('',#2998,1.0);
#2556=CARTESIAN_POINT('',(2.35,3.05,-3.1));
#2557=CARTESIAN_POINT('',(2.35,3.05,-3.1));
#2558=VECTOR('',#2999,1.06066017178003);
#2559=CARTESIAN_POINT('',(1.85,3.05,-3.1));
#2560=CARTESIAN_POINT('',(1.85,3.05,-3.1));
#2561=VECTOR('',#3000,0.5);
#2562=CARTESIAN_POINT('',(1.85,3.05,-3.1));
#2563=VECTOR('',#3001,1.06066017178003);
#2564=CARTESIAN_POINT('',(1.85,3.55,-3.1));
#2565=CARTESIAN_POINT('',(1.85,3.05,-3.1));
#2566=VECTOR('',#3002,0.5);
#2567=CARTESIAN_POINT('',(1.85,3.55,-3.1));
#2568=VECTOR('',#3003,1.06066017178003);
#2569=CARTESIAN_POINT('',(2.35,3.55,-3.1));
#2570=CARTESIAN_POINT('',(1.85,3.55,-3.1));
#2571=VECTOR('',#3004,0.5);
#2572=CARTESIAN_POINT('',(2.35,3.55,-3.1));
#2573=VECTOR('',#3005,0.5);
#2574=CARTESIAN_POINT('',(2.35,3.55,-3.1));
#2575=VECTOR('',#3006,1.06066017178003);
#2576=CARTESIAN_POINT('',(1.195,1.3,-9.1));
#2577=CARTESIAN_POINT('',(0.2,2.295,-9.1));
#2578=CARTESIAN_POINT('',(1.195,1.3,-9.1));
#2579=VECTOR('',#3007,1.40714249456091);
#2580=CARTESIAN_POINT('',(3.005,1.3,-9.1));
#2581=CARTESIAN_POINT('',(1.195,1.3,-9.1));
#2582=VECTOR('',#3008,1.81);
#2583=CARTESIAN_POINT('',(4.0,2.295,-9.1));
#2584=CARTESIAN_POINT('',(4.0,2.295,-9.1));
#2585=VECTOR('',#3009,1.40714249456091);
#2586=CARTESIAN_POINT('',(4.0,5.2,-9.1));
#2587=CARTESIAN_POINT('',(4.0,2.295,-9.1));
#2588=VECTOR('',#3010,2.905);
#2589=CARTESIAN_POINT('',(0.2,5.2,-9.1));
#2590=CARTESIAN_POINT('',(4.0,5.2,-9.1));
#2591=VECTOR('',#3011,3.8);
#2592=CARTESIAN_POINT('',(0.2,5.2,-9.1));
#2593=VECTOR('',#3012,2.905);
#2594=CARTESIAN_POINT('',(0.2,2.295,-9.1));
#2595=VECTOR('',#3013,9.1);
#2596=CARTESIAN_POINT('',(1.195,1.3,-9.1));
#2597=VECTOR('',#3014,9.1);
#2598=CARTESIAN_POINT('',(3.005,1.3,-9.1));
#2599=VECTOR('',#3015,9.1);
#2600=CARTESIAN_POINT('',(4.0,2.295,-9.1));
#2601=VECTOR('',#3016,9.1);
#2602=CARTESIAN_POINT('',(4.0,5.2,0.0));
#2603=VECTOR('',#3017,9.1);
#2604=CARTESIAN_POINT('',(0.2,5.2,0.0));
#2605=VECTOR('',#3018,9.1);
#2606=CARTESIAN_POINT('',(-1.6,-2.5,-13.4));
#2607=CARTESIAN_POINT('',(-1.6,-2.5,-14.4));
#2608=CARTESIAN_POINT('',(-1.6,-2.5,-13.4));
#2609=VECTOR('',#3019,1.0);
#2610=CARTESIAN_POINT('',(-1.6,2.5,-14.4));
#2611=CARTESIAN_POINT('',(-1.6,2.5,-14.4));
#2612=VECTOR('',#3020,5.0);
#2613=CARTESIAN_POINT('',(-1.6,3.8,-13.1));
#2614=AXIS2_PLACEMENT_3D('',#3021,#3022,#3023);
#2615=CARTESIAN_POINT('',(-1.6,3.8,-12.8));
#2616=VECTOR('',#3024,0.3);
#2617=CARTESIAN_POINT('',(-1.6,2.8,-13.1));
#2618=CARTESIAN_POINT('',(-1.6,2.8,-13.1));
#2619=VECTOR('',#3025,0.3);
#2620=CARTESIAN_POINT('',(-1.6,2.5,-13.4));
#2621=AXIS2_PLACEMENT_3D('',#3026,#3027,#3028);
#2622=CARTESIAN_POINT('',(-1.6,-2.5,-13.4));
#2623=VECTOR('',#3029,5.0);
#2624=CARTESIAN_POINT('',(-1.6,3.8,-4.1));
#2625=CARTESIAN_POINT('',(-1.6,2.8,-4.1));
#2626=CARTESIAN_POINT('',(-1.6,3.8,-4.1));
#2627=VECTOR('',#3030,1.0);
#2628=CARTESIAN_POINT('',(-1.6,2.8,-9.1));
#2629=CARTESIAN_POINT('',(-1.6,2.8,-9.1));
#2630=VECTOR('',#3031,5.0);
#2631=CARTESIAN_POINT('',(-1.6,3.8,-9.1));
#2632=CARTESIAN_POINT('',(-1.6,2.8,-9.1));
#2633=VECTOR('',#3032,1.0);
#2634=CARTESIAN_POINT('',(-1.6,3.8,-4.1));
#2635=VECTOR('',#3033,5.0);
#2636=CARTESIAN_POINT('',(-1.85,-3.5,-13.65));
#2637=CARTESIAN_POINT('',(-1.85,-3.5,-13.65));
#2638=VECTOR('',#3034,1.06066017178003);
#2639=CARTESIAN_POINT('',(-1.85,-3.5,-14.15));
#2640=CARTESIAN_POINT('',(-1.85,-3.5,-13.65));
#2641=VECTOR('',#3035,0.5);
#2642=CARTESIAN_POINT('',(-1.85,-3.5,-14.15));
#2643=VECTOR('',#3036,1.06066017178003);
#2644=CARTESIAN_POINT('',(-2.6,-2.5,-14.4));
#2645=CARTESIAN_POINT('',(-2.6,-2.5,-14.4));
#2646=VECTOR('',#3037,1.0);
#2647=CARTESIAN_POINT('',(-2.35,-3.5,-14.15));
#2648=CARTESIAN_POINT('',(-2.35,-3.5,-14.15));
#2649=VECTOR('',#3038,0.5);
#2650=CARTESIAN_POINT('',(-2.35,-3.5,-14.15));
#2651=VECTOR('',#3039,1.06066017178003);
#2652=CARTESIAN_POINT('',(-2.6,2.5,-14.4));
#2653=CARTESIAN_POINT('',(-2.6,2.5,-14.4));
#2654=VECTOR('',#3040,5.0);
#2655=CARTESIAN_POINT('',(-1.6,2.5,-14.4));
#2656=VECTOR('',#3041,1.0);
#2657=CARTESIAN_POINT('',(-2.6,3.8,-13.1));
#2658=AXIS2_PLACEMENT_3D('',#3042,#3043,#3044);
#2659=CARTESIAN_POINT('',(-1.6,3.8,-13.1));
#2660=VECTOR('',#3045,1.0);
#2661=CARTESIAN_POINT('',(-2.6,3.8,-12.8));
#2662=VECTOR('',#3046,0.3);
#2663=CARTESIAN_POINT('',(-2.6,3.8,-4.1));
#2664=CARTESIAN_POINT('',(-2.6,3.8,-4.1));
#2665=VECTOR('',#3047,1.0);
#2666=CARTESIAN_POINT('',(-2.6,3.8,-9.1));
#2667=CARTESIAN_POINT('',(-1.6,3.8,-9.1));
#2668=VECTOR('',#3048,1.0);
#2669=CARTESIAN_POINT('',(-2.6,3.8,-4.1));
#2670=VECTOR('',#3049,5.0);
#2671=CARTESIAN_POINT('',(-2.6,-2.5,-13.4));
#2672=CARTESIAN_POINT('',(-2.6,-2.5,-14.4));
#2673=VECTOR('',#3050,1.0);
#2674=CARTESIAN_POINT('',(-2.6,2.5,-13.4));
#2675=CARTESIAN_POINT('',(-2.6,-2.5,-13.4));
#2676=VECTOR('',#3051,5.0);
#2677=CARTESIAN_POINT('',(-2.6,2.8,-13.1));
#2678=AXIS2_PLACEMENT_3D('',#3052,#3053,#3054);
#2679=CARTESIAN_POINT('',(-2.6,2.8,-13.1));
#2680=VECTOR('',#3055,0.3);
#2681=CARTESIAN_POINT('',(-2.6,2.8,-4.1));
#2682=CARTESIAN_POINT('',(-2.6,2.8,-4.1));
#2683=VECTOR('',#3056,1.0);
#2684=CARTESIAN_POINT('',(-2.6,2.8,-9.1));
#2685=CARTESIAN_POINT('',(-2.6,2.8,-9.1));
#2686=VECTOR('',#3057,1.0);
#2687=CARTESIAN_POINT('',(-2.6,2.8,-9.1));
#2688=VECTOR('',#3058,5.0);
#2689=CARTESIAN_POINT('',(-2.35,-3.5,-13.65));
#2690=CARTESIAN_POINT('',(-2.35,-3.5,-14.15));
#2691=VECTOR('',#3059,0.5);
#2692=CARTESIAN_POINT('',(-2.6,-2.5,-13.4));
#2693=VECTOR('',#3060,1.06066017178003);
#2694=CARTESIAN_POINT('',(-2.35,-3.5,-13.65));
#2695=VECTOR('',#3061,0.5);
#2696=CARTESIAN_POINT('',(-2.6,-2.5,-13.4));
#2697=VECTOR('',#3062,1.0);
#2698=CARTESIAN_POINT('',(-1.6,2.5,-13.4));
#2699=VECTOR('',#3063,1.0);
#2700=CARTESIAN_POINT('',(-1.6,2.8,-13.1));
#2701=VECTOR('',#3064,1.0);
#2702=CARTESIAN_POINT('',(-2.6,2.8,-4.1));
#2703=VECTOR('',#3065,1.0);
#2704=CARTESIAN_POINT('',(-1.6,2.8,-9.1));
#2705=VECTOR('',#3066,1.0);
#2706=CARTESIAN_POINT('',(-1.85,3.05,-3.1));
#2707=CARTESIAN_POINT('',(-1.85,3.05,-3.1));
#2708=VECTOR('',#3067,1.06066017178003);
#2709=CARTESIAN_POINT('',(-2.35,3.05,-3.1));
#2710=CARTESIAN_POINT('',(-2.35,3.05,-3.1));
#2711=VECTOR('',#3068,0.5);
#2712=CARTESIAN_POINT('',(-2.35,3.05,-3.1));
#2713=VECTOR('',#3069,1.06066017178003);
#2714=CARTESIAN_POINT('',(-2.35,3.55,-3.1));
#2715=CARTESIAN_POINT('',(-2.35,3.05,-3.1));
#2716=VECTOR('',#3070,0.5);
#2717=CARTESIAN_POINT('',(-2.35,3.55,-3.1));
#2718=VECTOR('',#3071,1.06066017178003);
#2719=CARTESIAN_POINT('',(-1.85,3.55,-3.1));
#2720=CARTESIAN_POINT('',(-2.35,3.55,-3.1));
#2721=VECTOR('',#3072,0.5);
#2722=CARTESIAN_POINT('',(-1.85,3.55,-3.1));
#2723=VECTOR('',#3073,0.5);
#2724=CARTESIAN_POINT('',(-1.85,3.55,-3.1));
#2725=VECTOR('',#3074,1.06066017178003);
#2726=CARTESIAN_POINT('',(-4.0,5.2,-9.1));
#2727=CARTESIAN_POINT('',(-4.0,1.3,-9.1));
#2728=CARTESIAN_POINT('',(-4.0,5.2,-9.1));
#2729=VECTOR('',#3075,3.9);
#2730=CARTESIAN_POINT('',(-0.2,1.3,-9.1));
#2731=CARTESIAN_POINT('',(-4.0,1.3,-9.1));
#2732=VECTOR('',#3076,3.8);
#2733=CARTESIAN_POINT('',(-0.2,5.2,-9.1));
#2734=CARTESIAN_POINT('',(-0.2,1.3,-9.1));
#2735=VECTOR('',#3077,3.9);
#2736=CARTESIAN_POINT('',(-0.2,5.2,-9.1));
#2737=VECTOR('',#3078,3.8);
#2738=CARTESIAN_POINT('',(-4.0,1.3,0.0));
#2739=VECTOR('',#3079,9.1);
#2740=CARTESIAN_POINT('',(-4.0,5.2,0.0));
#2741=VECTOR('',#3080,9.1);
#2742=CARTESIAN_POINT('',(-0.2,5.2,0.0));
#2743=VECTOR('',#3081,9.1);
#2744=CARTESIAN_POINT('',(-0.2,1.3,0.0));
#2745=VECTOR('',#3082,9.1);
#2746=AXIS2_PLACEMENT_3D('',#3083,#3084,#3085);
#2747=CARTESIAN_POINT('',(2.0,7.2,-3.122484128936));
#2748=CARTESIAN_POINT('',(2.0,5.8,-3.0));
#2749=VECTOR('',#3086,1.40534777256094);
#2750=CARTESIAN_POINT('',(2.0,7.2,-3.122484128936));
#2751=VECTOR('',#3087,1.0);
#2752=CARTESIAN_POINT('',(-2.0,7.2,-3.122484128936));
#2753=VECTOR('',#3088,4.0);
#2754=DIRECTION('',(0.0,-1.0,-0.0));
#2755=CARTESIAN_POINT('',(0.0,-1.78,-6.6));
#2756=DIRECTION('',(-0.0,1.0,0.0));
#2757=DIRECTION('',(0.670059394260491,0.0,0.74230748895809));
#2758=DIRECTION('',(0.0,-1.0,0.0));
#2759=CARTESIAN_POINT('',(0.0,-1.93,-6.6));
#2760=DIRECTION('',(0.0,-1.0,0.0));
#2761=DIRECTION('',(0.670059394260491,0.0,-0.74230748895809));
#2762=DIRECTION('',(-0.0,-1.0,0.0));
#2763=CARTESIAN_POINT('',(0.0,-1.78,-6.6));
#2764=DIRECTION('',(0.0,1.0,0.0));
#2765=DIRECTION('',(-0.670059394260491,0.0,-0.74230748895809));
#2766=DIRECTION('',(0.0,-1.0,0.0));
#2767=CARTESIAN_POINT('',(0.0,-1.93,-6.6));
#2768=DIRECTION('',(0.0,-1.0,0.0));
#2769=DIRECTION('',(-0.670059394260491,0.0,0.74230748895809));
#2770=DIRECTION('',(-0.458176021420934,0.888861481556538,-4.96469306673165E-14));
#2771=CARTESIAN_POINT('',(0.0,-2.9,-6.6));
#2772=DIRECTION('',(0.0,-1.0,0.0));
#2773=DIRECTION('',(-0.8,0.0,0.6));
#2774=CARTESIAN_POINT('',(0.0,-1.93,-6.6));
#2775=DIRECTION('',(0.0,-1.0,0.0));
#2776=DIRECTION('',(-0.670059394260491,0.0,0.74230748895809));
#2777=DIRECTION('',(0.458176021420934,0.888861481556538,-0.0));
#2778=CARTESIAN_POINT('',(0.0,-2.9,-6.6));
#2779=DIRECTION('',(0.0,-1.0,0.0));
#2780=DIRECTION('',(0.8,0.0,-0.6));
#2781=CARTESIAN_POINT('',(0.0,1.12047733270666,-9.62566521511893));
#2782=DIRECTION('',(1.06518613549252E-32,0.492585650785899,0.870263969517199));
#2783=DIRECTION('',(1.64603335265043E-16,-0.870263969517199,0.492585650785899));
#2784=CARTESIAN_POINT('',(0.0,-1.93,-6.6));
#2785=DIRECTION('',(0.0,-1.0,0.0));
#2786=DIRECTION('',(0.670059394260491,0.0,-0.74230748895809));
#2787=DIRECTION('',(-0.0,-1.0,0.0));
#2788=CARTESIAN_POINT('',(0.0,0.4,-6.6));
#2789=DIRECTION('',(-0.0,1.0,0.0));
#2790=DIRECTION('',(0.5000020037745,0.0,0.866024246901601));
#2791=DIRECTION('',(0.0,-0.999999999999437,1.06135402403504E-06));
#2792=CARTESIAN_POINT('',(0.0,-1.78,-6.6));
#2793=DIRECTION('',(0.0,-1.0,0.0));
#2794=DIRECTION('',(0.500000000000017,0.0,-0.866025403784429));
#2795=DIRECTION('',(-0.0,-1.0,0.0));
#2796=CARTESIAN_POINT('',(0.0,0.4,-6.6));
#2797=DIRECTION('',(0.0,1.0,0.0));
#2798=DIRECTION('',(-0.5000020037745,0.0,-0.866024246901601));
#2799=DIRECTION('',(0.0,-0.999999999999437,-1.06135402444304E-06));
#2800=CARTESIAN_POINT('',(0.0,-1.78,-6.6));
#2801=DIRECTION('',(0.0,-1.0,0.0));
#2802=DIRECTION('',(-0.500000000000017,0.0,0.866025403784429));
#2803=DIRECTION('',(1.0,0.0,0.0));
#2804=DIRECTION('',(1.0,0.0,0.0));
#2805=CARTESIAN_POINT('',(-4.5,5.5,0.0));
#2806=DIRECTION('',(0.0,-0.0,1.0));
#2807=DIRECTION('',(0.0,1.0,0.0));
#2808=DIRECTION('',(0.0,1.0,0.0));
#2809=CARTESIAN_POINT('',(-4.5,0.7,0.0));
#2810=DIRECTION('',(0.0,0.0,1.0));
#2811=DIRECTION('',(-1.0,0.0,0.0));
#2812=DIRECTION('',(-1.0,0.0,0.0));
#2813=CARTESIAN_POINT('',(4.5,0.7,0.0));
#2814=DIRECTION('',(0.0,0.0,1.0));
#2815=DIRECTION('',(0.0,-1.0,0.0));
#2816=DIRECTION('',(0.0,-1.0,0.0));
#2817=CARTESIAN_POINT('',(4.5,5.5,0.0));
#2818=DIRECTION('',(0.0,0.0,1.0));
#2819=DIRECTION('',(1.0,0.0,0.0));
#2820=DIRECTION('',(1.0,0.0,0.0));
#2821=CARTESIAN_POINT('',(2.6,5.8,0.0));
#2822=DIRECTION('',(0.0,0.0,-1.0));
#2823=DIRECTION('',(-1.0,0.0,0.0));
#2824=DIRECTION('',(1.0,0.0,0.0));
#2825=DIRECTION('',(0.0,-1.0,0.0));
#2826=DIRECTION('',(-1.0,0.0,0.0));
#2827=DIRECTION('',(0.0,1.0,0.0));
#2828=DIRECTION('',(1.0,0.0,0.0));
#2829=DIRECTION('',(1.0,0.0,0.0));
#2830=DIRECTION('',(-0.707106781186548,0.707106781186548,0.0));
#2831=DIRECTION('',(0.0,-1.0,0.0));
#2832=DIRECTION('',(-1.0,0.0,0.0));
#2833=DIRECTION('',(0.0,1.0,0.0));
#2834=DIRECTION('',(-0.707106781186548,-0.707106781186548,0.0));
#2835=DIRECTION('',(0.0,-0.550612192612288,0.834761171441682));
#2836=DIRECTION('',(1.0,0.0,0.0));
#2837=DIRECTION('',(0.0,-0.550612192612288,0.834761171441682));
#2838=DIRECTION('',(0.0,0.0,-1.0));
#2839=DIRECTION('',(0.0,0.0,1.0));
#2840=DIRECTION('',(0.0,0.996194698091745,-0.0871557427476639));
#2841=DIRECTION('',(1.0,0.0,0.0));
#2842=DIRECTION('',(0.0,0.0,-1.0));
#2843=DIRECTION('',(0.0,0.0,-1.0));
#2844=DIRECTION('',(-1.0,0.0,0.0));
#2845=DIRECTION('',(0.0,0.0,-1.0));
#2846=DIRECTION('',(0.0,0.0,1.0));
#2847=DIRECTION('',(1.0,0.0,0.0));
#2848=DIRECTION('',(0.0,0.0,1.0));
#2849=CARTESIAN_POINT('',(-4.5,5.5,-12.8));
#2850=DIRECTION('',(0.0,0.0,-1.0));
#2851=DIRECTION('',(-1.0,0.0,0.0));
#2852=DIRECTION('',(0.0,0.0,1.0));
#2853=DIRECTION('',(0.0,0.0,1.0));
#2854=DIRECTION('',(0.0,1.0,0.0));
#2855=DIRECTION('',(0.0,0.0,1.0));
#2856=DIRECTION('',(0.0,1.0,0.0));
#2857=CARTESIAN_POINT('',(-4.5,0.7,-2.0));
#2858=DIRECTION('',(0.0,0.0,1.0));
#2859=DIRECTION('',(-1.0,0.0,0.0));
#2860=DIRECTION('',(0.0,0.0,1.0));
#2861=DIRECTION('',(-1.0,0.0,0.0));
#2862=DIRECTION('',(1.0,0.0,0.0));
#2863=DIRECTION('',(0.0,-1.0,0.0));
#2864=DIRECTION('',(-1.0,0.0,0.0));
#2865=DIRECTION('',(0.0,0.0,1.0));
#2866=DIRECTION('',(0.0,0.0,1.0));
#2867=DIRECTION('',(-1.0,0.0,0.0));
#2868=DIRECTION('',(0.0,0.0,1.0));
#2869=CARTESIAN_POINT('',(0.0,0.4,-6.6));
#2870=DIRECTION('',(-0.0,1.0,0.0));
#2871=DIRECTION('',(0.5000020037745,0.0,0.866024246901601));
#2872=DIRECTION('',(0.0,0.0,1.0));
#2873=CARTESIAN_POINT('',(0.0,0.4,-6.6));
#2874=DIRECTION('',(0.0,1.0,0.0));
#2875=DIRECTION('',(-0.5000020037745,0.0,-0.866024246901601));
#2876=DIRECTION('',(0.0,0.0,-1.0));
#2877=CARTESIAN_POINT('',(0.0,-1.78,-6.6));
#2878=DIRECTION('',(0.0,-1.0,0.0));
#2879=DIRECTION('',(-0.500000000000017,0.0,0.866025403784429));
#2880=DIRECTION('',(0.0,-0.999999999999437,1.06135402322004E-06));
#2881=CARTESIAN_POINT('',(0.0,-1.78,-6.6));
#2882=DIRECTION('',(0.0,-1.0,0.0));
#2883=DIRECTION('',(0.500000000000017,0.0,-0.866025403784429));
#2884=DIRECTION('',(0.0,-0.999999999999437,-1.06135402362804E-06));
#2885=DIRECTION('',(0.0,0.870263969517199,-0.492585650785899));
#2886=DIRECTION('',(0.0,-1.0,2.368475785867E-14));
#2887=DIRECTION('',(0.0,1.0,0.0));
#2888=DIRECTION('',(0.0,0.870263969517199,0.492585650785899));
#2889=DIRECTION('',(0.0,0.0,-1.0));
#2890=DIRECTION('',(-1.0,0.0,0.0));
#2891=DIRECTION('',(0.0,0.870263969517199,-0.492585650785899));
#2892=DIRECTION('',(-1.0,0.0,0.0));
#2893=CARTESIAN_POINT('',(0.0,1.12047733270666,-9.62566521511893));
#2894=DIRECTION('',(1.06518613549252E-32,0.492585650785899,0.870263969517199));
#2895=DIRECTION('',(1.64603335265043E-16,-0.870263969517199,0.492585650785899));
#2896=DIRECTION('',(-1.0,0.0,0.0));
#2897=DIRECTION('',(-1.0,0.0,0.0));
#2898=CARTESIAN_POINT('',(0.0,-2.9,-6.6));
#2899=DIRECTION('',(0.0,-1.0,0.0));
#2900=DIRECTION('',(0.8,0.0,-0.6));
#2901=CARTESIAN_POINT('',(0.0,-2.9,-6.6));
#2902=DIRECTION('',(0.0,-1.0,0.0));
#2903=DIRECTION('',(-0.8,0.0,0.6));
#2904=DIRECTION('',(-1.0,0.0,0.0));
#2905=DIRECTION('',(0.0,0.0,-1.0));
#2906=DIRECTION('',(-1.0,0.0,0.0));
#2907=DIRECTION('',(-1.0,0.0,0.0));
#2908=DIRECTION('',(0.0,0.870263969517199,0.492585650785899));
#2909=DIRECTION('',(-1.0,0.0,0.0));
#2910=DIRECTION('',(0.0,1.0,0.0));
#2911=DIRECTION('',(0.0,-1.0,0.0));
#2912=DIRECTION('',(-1.0,0.0,0.0));
#2913=DIRECTION('',(0.0,-1.0,0.0));
#2914=DIRECTION('',(-1.0,0.0,0.0));
#2915=CARTESIAN_POINT('',(0.0,-1.78,-6.6));
#2916=DIRECTION('',(0.0,1.0,0.0));
#2917=DIRECTION('',(-0.670059394260491,0.0,-0.74230748895809));
#2918=DIRECTION('',(-1.0,0.0,0.0));
#2919=DIRECTION('',(-1.0,0.0,0.0));
#2920=CARTESIAN_POINT('',(0.0,-1.78,-6.6));
#2921=DIRECTION('',(-0.0,1.0,0.0));
#2922=DIRECTION('',(0.670059394260491,0.0,0.74230748895809));
#2923=DIRECTION('',(0.0,-1.0,-1.184237892933E-14));
#2924=DIRECTION('',(0.0,-1.0,0.0));
#2925=DIRECTION('',(1.0,0.0,0.0));
#2926=DIRECTION('',(0.0,-1.0,0.0));
#2927=CARTESIAN_POINT('',(4.5,0.7,-2.0));
#2928=DIRECTION('',(0.0,0.0,1.0));
#2929=DIRECTION('',(0.0,-1.0,0.0));
#2930=DIRECTION('',(0.0,0.0,1.0));
#2931=DIRECTION('',(0.0,-1.0,0.0));
#2932=DIRECTION('',(0.0,0.0,1.0));
#2933=DIRECTION('',(0.0,0.0,-1.0));
#2934=CARTESIAN_POINT('',(4.5,5.5,-12.8));
#2935=DIRECTION('',(0.0,0.0,-1.0));
#2936=DIRECTION('',(0.0,1.0,0.0));
#2937=DIRECTION('',(-1.0,0.0,0.0));
#2938=DIRECTION('',(0.0,-1.0,0.0));
#2939=DIRECTION('',(0.0,-1.0,0.0));
#2940=DIRECTION('',(-1.0,0.0,0.0));
#2941=DIRECTION('',(0.0,1.0,0.0));
#2942=DIRECTION('',(-1.0,0.0,0.0));
#2943=DIRECTION('',(0.0,1.0,0.0));
#2944=DIRECTION('',(-1.0,0.0,0.0));
#2945=DIRECTION('',(0.0,1.0,0.0));
#2946=DIRECTION('',(-1.0,0.0,0.0));
#2947=DIRECTION('',(0.0,1.0,0.0));
#2948=DIRECTION('',(-1.0,0.0,0.0));
#2949=DIRECTION('',(0.0,0.0,1.0));
#2950=DIRECTION('',(0.0,0.0,-1.0));
#2951=DIRECTION('',(0.0,0.0,-1.0));
#2952=DIRECTION('',(0.0,-1.0,0.0));
#2953=CARTESIAN_POINT('',(2.6,2.5,-13.1));
#2954=DIRECTION('',(-1.0,0.0,0.0));
#2955=DIRECTION('',(0.0,1.0,0.0));
#2956=DIRECTION('',(0.0,0.0,-1.0));
#2957=DIRECTION('',(0.0,0.0,1.0));
#2958=CARTESIAN_POINT('',(2.6,2.5,-13.1));
#2959=DIRECTION('',(1.0,0.0,0.0));
#2960=DIRECTION('',(0.0,5.329070518201E-14,-1.0));
#2961=DIRECTION('',(0.0,1.0,0.0));
#2962=DIRECTION('',(0.0,-1.0,0.0));
#2963=DIRECTION('',(0.0,0.0,1.0));
#2964=DIRECTION('',(0.0,1.0,0.0));
#2965=DIRECTION('',(0.0,0.0,-1.0));
#2966=DIRECTION('',(0.235702260395494,0.942809041582074,0.235702260395494));
#2967=DIRECTION('',(0.0,0.0,-1.0));
#2968=DIRECTION('',(0.235702260395494,0.942809041582074,-0.235702260395494));
#2969=DIRECTION('',(1.0,0.0,0.0));
#2970=DIRECTION('',(1.0,0.0,0.0));
#2971=DIRECTION('',(-0.235702260395494,0.942809041582074,-0.235702260395494));
#2972=DIRECTION('',(0.0,-1.0,0.0));
#2973=DIRECTION('',(-1.0,0.0,0.0));
#2974=CARTESIAN_POINT('',(1.6,2.5,-13.1));
#2975=DIRECTION('',(-1.0,0.0,0.0));
#2976=DIRECTION('',(0.0,1.0,0.0));
#2977=DIRECTION('',(-1.0,0.0,0.0));
#2978=DIRECTION('',(0.0,0.0,-1.0));
#2979=DIRECTION('',(1.0,0.0,0.0));
#2980=DIRECTION('',(-1.0,0.0,0.0));
#2981=DIRECTION('',(0.0,0.0,-1.0));
#2982=DIRECTION('',(0.0,0.0,1.0));
#2983=DIRECTION('',(0.0,1.0,0.0));
#2984=CARTESIAN_POINT('',(1.6,2.5,-13.1));
#2985=DIRECTION('',(1.0,0.0,0.0));
#2986=DIRECTION('',(0.0,5.329070518201E-14,-1.0));
#2987=DIRECTION('',(0.0,0.0,1.0));
#2988=DIRECTION('',(0.0,1.0,0.0));
#2989=DIRECTION('',(0.0,1.0,0.0));
#2990=DIRECTION('',(0.0,0.0,1.0));
#2991=DIRECTION('',(0.0,0.0,1.0));
#2992=DIRECTION('',(0.235702260395494,-0.942809041582074,-0.235702260395494));
#2993=DIRECTION('',(1.0,0.0,0.0));
#2994=DIRECTION('',(1.0,0.0,0.0));
#2995=DIRECTION('',(-1.0,0.0,0.0));
#2996=DIRECTION('',(-1.0,0.0,0.0));
#2997=DIRECTION('',(1.0,0.0,0.0));
#2998=DIRECTION('',(-1.0,0.0,0.0));
#2999=DIRECTION('',(0.235702260395494,-0.235702260395494,-0.942809041582074));
#3000=DIRECTION('',(1.0,0.0,0.0));
#3001=DIRECTION('',(-0.235702260395494,-0.235702260395494,-0.942809041582074));
#3002=DIRECTION('',(0.0,1.0,0.0));
#3003=DIRECTION('',(-0.235702260395494,0.235702260395494,-0.942809041582074));
#3004=DIRECTION('',(1.0,0.0,0.0));
#3005=DIRECTION('',(0.0,-1.0,0.0));
#3006=DIRECTION('',(0.235702260395494,0.235702260395494,-0.942809041582074));
#3007=DIRECTION('',(-0.707106781186548,0.707106781186548,0.0));
#3008=DIRECTION('',(1.0,0.0,0.0));
#3009=DIRECTION('',(-0.707106781186548,-0.707106781186548,0.0));
#3010=DIRECTION('',(0.0,1.0,0.0));
#3011=DIRECTION('',(-1.0,0.0,0.0));
#3012=DIRECTION('',(0.0,-1.0,0.0));
#3013=DIRECTION('',(0.0,0.0,1.0));
#3014=DIRECTION('',(0.0,0.0,1.0));
#3015=DIRECTION('',(0.0,0.0,1.0));
#3016=DIRECTION('',(0.0,0.0,1.0));
#3017=DIRECTION('',(0.0,0.0,-1.0));
#3018=DIRECTION('',(0.0,0.0,-1.0));
#3019=DIRECTION('',(0.0,0.0,-1.0));
#3020=DIRECTION('',(0.0,-1.0,0.0));
#3021=CARTESIAN_POINT('',(-1.6,2.5,-13.1));
#3022=DIRECTION('',(-1.0,0.0,0.0));
#3023=DIRECTION('',(0.0,1.0,0.0));
#3024=DIRECTION('',(0.0,0.0,-1.0));
#3025=DIRECTION('',(0.0,0.0,1.0));
#3026=CARTESIAN_POINT('',(-1.6,2.5,-13.1));
#3027=DIRECTION('',(1.0,0.0,0.0));
#3028=DIRECTION('',(0.0,5.329070518201E-14,-1.0));
#3029=DIRECTION('',(0.0,1.0,0.0));
#3030=DIRECTION('',(0.0,-1.0,0.0));
#3031=DIRECTION('',(0.0,0.0,1.0));
#3032=DIRECTION('',(0.0,1.0,0.0));
#3033=DIRECTION('',(0.0,0.0,-1.0));
#3034=DIRECTION('',(0.235702260395494,0.942809041582074,0.235702260395494));
#3035=DIRECTION('',(0.0,0.0,-1.0));
#3036=DIRECTION('',(0.235702260395494,0.942809041582074,-0.235702260395494));
#3037=DIRECTION('',(1.0,0.0,0.0));
#3038=DIRECTION('',(1.0,0.0,0.0));
#3039=DIRECTION('',(-0.235702260395494,0.942809041582074,-0.235702260395494));
#3040=DIRECTION('',(0.0,-1.0,0.0));
#3041=DIRECTION('',(-1.0,0.0,0.0));
#3042=CARTESIAN_POINT('',(-2.6,2.5,-13.1));
#3043=DIRECTION('',(-1.0,0.0,0.0));
#3044=DIRECTION('',(0.0,1.0,0.0));
#3045=DIRECTION('',(-1.0,0.0,0.0));
#3046=DIRECTION('',(0.0,0.0,-1.0));
#3047=DIRECTION('',(1.0,0.0,0.0));
#3048=DIRECTION('',(-1.0,0.0,0.0));
#3049=DIRECTION('',(0.0,0.0,-1.0));
#3050=DIRECTION('',(0.0,0.0,1.0));
#3051=DIRECTION('',(0.0,1.0,0.0));
#3052=CARTESIAN_POINT('',(-2.6,2.5,-13.1));
#3053=DIRECTION('',(1.0,0.0,0.0));
#3054=DIRECTION('',(0.0,5.329070518201E-14,-1.0));
#3055=DIRECTION('',(0.0,0.0,1.0));
#3056=DIRECTION('',(0.0,1.0,0.0));
#3057=DIRECTION('',(0.0,1.0,0.0));
#3058=DIRECTION('',(0.0,0.0,1.0));
#3059=DIRECTION('',(0.0,0.0,1.0));
#3060=DIRECTION('',(0.235702260395494,-0.942809041582074,-0.235702260395494));
#3061=DIRECTION('',(1.0,0.0,0.0));
#3062=DIRECTION('',(1.0,0.0,0.0));
#3063=DIRECTION('',(-1.0,0.0,0.0));
#3064=DIRECTION('',(-1.0,0.0,0.0));
#3065=DIRECTION('',(1.0,0.0,0.0));
#3066=DIRECTION('',(-1.0,0.0,0.0));
#3067=DIRECTION('',(0.235702260395494,-0.235702260395494,-0.942809041582074));
#3068=DIRECTION('',(1.0,0.0,0.0));
#3069=DIRECTION('',(-0.235702260395494,-0.235702260395494,-0.942809041582074));
#3070=DIRECTION('',(0.0,1.0,0.0));
#3071=DIRECTION('',(-0.235702260395494,0.235702260395494,-0.942809041582074));
#3072=DIRECTION('',(1.0,0.0,0.0));
#3073=DIRECTION('',(0.0,-1.0,0.0));
#3074=DIRECTION('',(0.235702260395494,0.235702260395494,-0.942809041582074));
#3075=DIRECTION('',(0.0,-1.0,0.0));
#3076=DIRECTION('',(1.0,0.0,0.0));
#3077=DIRECTION('',(0.0,1.0,0.0));
#3078=DIRECTION('',(-1.0,0.0,0.0));
#3079=DIRECTION('',(0.0,0.0,-1.0));
#3080=DIRECTION('',(0.0,0.0,-1.0));
#3081=DIRECTION('',(0.0,0.0,-1.0));
#3082=DIRECTION('',(0.0,0.0,-1.0));
#3083=CARTESIAN_POINT('',(2.6,5.8,-6.3));
#3084=DIRECTION('',(0.0,0.0,-1.0));
#3085=DIRECTION('',(-1.0,0.0,0.0));
#3086=DIRECTION('',(0.0,0.996194698091745,-0.0871557427476639));
#3087=DIRECTION('',(0.0,0.0,1.0));
#3088=DIRECTION('',(1.0,0.0,0.0));
#3089=PRESENTATION_LAYER_ASSIGNMENT('','',(#25,#51,#52,#53,#54,#55,#56,#57,#58,#59,#60,#61,#62,#63,#64,#65,#66,#67,#68,#69,#70,#71,#72,#73,#74,#75,#76,#77,#78,#79,#80,#81,#82,#83,#84,#85,#86,#87,#88,#89,#90,#91,#92,#93,#94,#95,#96,#97,#98,#99,#100,#101,#102,#103,#104,#105,#106,#107,#108,#109,#110,#111,#112,#113,#114,#115,#116,#117,#118,#119,#120,#121,#122,#123,#124,#125,#126,#127,#128,#129,#130,#131,#132,#133,#134,#135,#136,#137,#138,#139,#140,#141,#142,#143,#144,#145,#146,#147,#148,#149,#150,#151,#152,#153,#154,#155,#1427,#1428,#1429,#1431,#1432,#1433,#1435,#1436,#1437,#1439,#1440,#1441,#1443,#1444,#1445,#1447,#1448,#1449,#1450,#1451,#1452,#1453,#1454,#1455,#1456,#1457,#1458,#1459,#1460,#1461,#1462,#1463,#1464,#1465,#1466,#1467,#1468,#1469,#1470,#1471,#1472,#1473,#1474,#1475,#1476,#1477,#1478,#1479,#1480,#1481,#1482,#1483,#1484,#1485,#1486,#1487,#1488,#1489,#1490,#1491,#1492,#1493,#1494,#1495,#1496,#1497,#1498,#1499,#1500,#1501,#1502,#1503,#1504,#1505,#1506,#1507,#1508,#1509,#1510,#1511,#1512,#1513,#1514,#1515,#1516,#1517,#1518,#1519,#1520,#1521,#1522,#1523,#1524,#1525,#1526,#1527,#1528,#1529,#1530,#1531,#1532,#1533,#1534,#1535,#1536,#1537,#1538,#1539,#1540,#1541,#1542,#1543,#1544,#1545,#1546,#1547,#1548,#1549,#1550,#1551,#1552,#1553,#1554,#1555,#1556,#1557,#1558,#1559,#1560,#1561,#1562,#1563,#1564,#1565,#1566,#1567,#1568,#1569,#1570,#1571,#1572,#1573,#1574,#1575,#1576,#1577,#1578,#1579,#1580,#1581,#1582,#1583,#1584,#1585,#1586,#1587,#1588,#1589,#1590,#1591,#1592,#1593,#1594,#1595,#1596,#1597,#1598,#1599,#1600,#1601,#1602,#1603,#1604,#1605,#1606,#1607,#1608,#1609,#1610,#1611,#1612,#1613,#1614,#1615,#1616,#1617,#1618,#1619,#1620,#1621,#1622,#1623,#1624,#1625,#1626,#1627,#1628,#1629,#1630,#1631,#1632,#1633,#1634,#1635,#1636,#1637,#1638,#1639,#1640,#1641,#1642,#1643,#1644,#1645,#1646,#1647,#1648,#1649,#1650,#1651,#1652,#1653,#1654,#1655,#1656,#1657,#1658,#1659,#1660,#1661,#1662,#1663,#1664,#1665,#1666,#1667,#1668,#1669,#1670,#1671,#1672,#1673,#1674,#1675,#1676,#1677,#1678,#1679,#1680,#1681,#1682,#1686,#1688,#1694,#1696,#1701,#1703,#1708,#1710,#1716,#1718,#1724,#1726,#1729,#1730,#1732,#1734,#1736,#1738,#1740,#1742,#1744,#1746,#1748,#1750,#1753,#1754,#1756,#1758,#1761,#1762,#1764,#1766,#1768,#1770,#1773,#1775,#1778,#1780,#1783,#1786,#1788,#1791,#1793,#1796,#1799,#1801,#1803,#1806,#1809,#1811,#1814,#1815,#1818,#1820,#1823,#1826,#1829,#1832,#1835,#1836,#1839,#1841,#1844,#1846,#1849,#1853,#1858,#1861,#1867,#1871,#1877,#1879,#1881,#1885,#1886,#1891,#1894,#1897,#1898,#1900,#1902,#1905,#1906,#1908,#1910,#1915,#1916,#1918,#1920,#1923,#1925,#1928,#1929,#1931,#1933,#1936,#1938,#1941,#1943,#1946,#1949,#1953,#1955,#1958,#1960,#1962,#1965,#1967,#1970,#1979,#1981,#1984,#1987,#1991,#1992,#1994,#1996,#1998,#2000,#2009,#2010,#2012,#2014,#2017,#2019,#2022,#2023,#2025,#2027,#2030,#2032,#2035,#2037,#2040,#2043,#2047,#2049,#2052,#2054,#2056,#2059,#2061,#2064,#2073,#2075,#2078,#2081,#2085,#2086,#2088,#2090,#2098));
ENDSEC;
END-ISO-10303-21;
